,words,Freq
1233,brain,451
3561,network,248
2845,information,247
3430,model,226
784,activity,213
2040,dynamics,175
2489,functional,171
1546,connectivity,159
4821,spain,147
1115,barcelona,144
1497,computational,144
3566,networks,140
3568,neural,134
3592,neurons,134
3605,neuroscience,134
981,areas,99
5455,visual,99
4887,state,97
3591,neuronal,94
1732,data,93
1654,cortex,92
1758,decision,89
1656,cortical,85
3436,models,83
3838,oxford,82
1430,cognition,78
1431,cognitive,78
5074,task,76
4450,resting-state,74
1053,attractor,73
3368,memory,73
1350,changes,70
4590,sciences,70
1332,center,69
2698,human,69
1462,communication,66
1043,attention,65
2456,found,65
4917,stimulus,65
2594,group,64
4890,states,64
5320,underlying,63
2421,fmri,62
4344,regions,61
4953,structural,61
2402,firing,59
3913,perceptual,59
4426,research,58
2279,experimental,57
3135,level,57
3347,mechanisms,56
3118,learning,54
2037,dynamical,53
3899,patterns,53
5099,temporal,53
1759,decision-making,52
3801,oscillations,52
4141,processing,52
4866,spontaneous,52
5294,uk,52
5056,system,51
3630,noise,50
2542,germany,49
4862,spiking,49
5093,technologies,49
3186,local,47
4916,stimuli,47
2748,imaging,46
5044,synaptic,46
2228,evidence,43
2356,fc,43
2556,global,43
4449,resting,42
3091,large-scale,41
3358,medicine,41
4196,psychiatry,41
5136,theoretical,41
4649,sensory,40
4830,spatial,39
5086,tasks,39
4746,simulations,38
5371,used,38
2419,fluctuations,37
4955,structure,36
5164,through,35
967,approach,34
2473,frequency,34
3346,mechanism,34
4139,processes,34
919,analysis,33
3266,making,33
3910,perception,33
5343,united,33
1478,competition,32
2624,healthy,32
2777,important,32
3060,kingdom,32
4259,rate,32
4448,rest,32
1337,centre,31
2914,integration,31
4080,prefrontal,31
4183,provide,31
2383,field,30
2488,function,30
3582,neuroimaging,30
3897,patients,30
4588,school,30
5047,synchronization,30
5060,systems,30
5181,times,30
5526,whole-brain,30
1020,associated,29
1813,denmark,29
2600,gustavo,29
2623,health,29
3778,order,29
3946,phase,29
752,account,28
790,adaptation,28
1768,deco@upf,28
2084,electronic,28
2117,empirical,28
2496,further,28
2498,furthermore,28
4251,range,28
4373,relevant,28
5517,where,28
1142,behavioral,27
1371,choice,27
1399,clinical,27
1487,complex,27
2810,increased,27
2931,interactions,27
4323,reduction,27
4709,shown,27
5400,variability,27
1289,capacity,26
1544,connections,26
2465,framework,26
2648,high,26
3433,modeling,26
4171,properties,26
4199,psychology,26
4717,signal,26
4751,single,26
1047,attentional,25
1141,behavior,25
1219,bold,25
2065,effect,25
2391,findings,25
2859,inhibition,25
3980,planck,25
4281,realistic,25
4309,recordings,25
4338,regime,25
4357,related,25
4485,rich,25
4603,second,25
4742,simulated,25
4841,specific,25
4971,subjects,25
926,anatomical,24
1469,compared,24
1647,correlations,24
2284,experiments,24
3586,neurology,24
4586,schizophrenia,24
4678,several,24
4722,signals,24
2684,hospital,23
2708,hypothesis,23
2910,integrate-and-fire,23
3579,neurodynamical,23
3917,performance,23
4320,reduced,23
4479,reward,23
4816,space,23
4913,stimulation,23
4999,suggest,23
5519,whether,23
1527,confidence,22
2066,effective,22
2366,features,22
2875,input,22
3343,measures,22
3878,particular,22
3885,passeig,22
4185,provides,22
4435,resonance,22
5094,technology,22
1223,boronat,21
1617,control,21
1977,distributed,21
2371,feedback,21
2389,find,21
2809,increase,21
2989,investigate,21
3516,music,21
3595,neurophysiological,21
3684,novel,21
3695,number,21
3703,object,21
3723,obtained,21
4136,process,21
4175,propose,21
4442,response,21
4444,responses,21
4596,search,21
5003,suggests,21
5198,top-down,21
727,ability,20
980,area,20
1519,conditions,20
2130,encoding,20
3019,items,20
3065,known,20
3123,leipzig,20
3199,london,20
3249,magnetic,20
4198,psychological,20
4510,roc,20
4589,science,20
5239,transitions,20
5324,understand,20
1641,correlated,19
1780,deep,19
2811,increases,19
2839,influence,19
2975,intrinsic,19
3324,max,19
3340,measured,19
3382,method,19
3471,moreover,19
3628,nodes,19
4072,predictions,19
4473,review,19
4551,same,19
5238,transition,19
5552,within,19
1171,biased,18
1644,correlation,18
1777,decreased,18
1947,discrimination,18
2800,including,18
2824,individual,18
2876,inputs,18
2930,interaction,18
2990,investigated,18
3463,monkeys,18
3480,motor,18
3602,neuropsychology,18
3803,oscillatory,18
3875,participants,18
4031,possible,18
4176,proposed,18
4316,recurrent,18
4397,repertoire,18
4702,short-term,18
4707,showed,18
4710,shows,18
4778,slow,18
5017,support,18
5156,those,18
1064,auditory,17
1066,australia,17
1136,before,17
1361,characterize,17
1668,coupling,17
1714,current,17
1795,delay,17
2223,events,17
2812,increasing,17
3364,melbourne,17
3459,monash,17
3472,morten,17
3560,netherlands,17
3861,parameters,17
3868,paris,17
3995,point,17
4012,pools,17
4017,population,17
4090,presence,17
4126,probabilistic,17
4261,rates,17
4292,recently,17
4410,representations,17
4834,spatiotemporal,17
4959,studied,17
5042,symptoms,17
5310,under,17
779,activation,16
1189,biologically,16
1370,china,16
1432,coherence,16
1566,consistent,16
1841,describe,16
1902,differences,16
2036,dynamic,16
2044,e,16
2285,explain,16
2466,france,16
2501,g,16
2551,given,16
2661,highly,16
3086,language,16
3090,large,16
3246,made,16
3356,medical,16
3386,methods,16
3455,modules,16
3836,ox3,16
3924,period,16
4361,relationship,16
4670,set,16
4769,sleep,16
4873,stability,16
4911,still,16
4957,structured,16
904,among,15
1145,behaviour,15
1176,bifurcation,15
1376,chongqing,15
1434,coherent,15
1621,controls,15
1639,correct,15
1776,decrease,15
1798,delays,15
1956,disorders,15
1995,does,15
2388,finally,15
2438,form,15
2493,functions,15
2494,fundamental,15
2861,inhibitory,15
3107,lausanne,15
3137,levels,15
3332,mean,15
3508,multistable,15
3783,organization,15
3952,phases,15
3987,play,15
4018,populations,15
4307,recorded,15
4404,reported,15
4664,series,15
4895,stationary,15
4924,stochastic,15
5112,terms,15
5421,ventral,15
911,amsterdam,14
1466,companys,14
1608,contrast,14
1686,critical,14
1831,depression,14
1865,detection,14
1914,diffusion,14
2818,indicate,14
2884,insights,14
2995,involved,14
3054,key,14
3114,leads,14
3238,maastricht,14
3429,mode,14
3450,modulation,14
3826,overall,14
4021,portugal,14
4109,previous,14
4234,question,14
4728,significantly,14
4732,similar,14
4877,stable,14
4896,statistical,14
5145,therefore,14
5259,trials,14
736,absence,13
893,alternatives,13
977,architecture,13
1023,associations,13
1055,attractors,13
1348,change,13
1362,characterized,13
1374,choices,13
1394,clayton,13
1488,complexity,13
1496,computation,13
1667,coupled,13
1763,decisions,13
1978,distribution,13
2160,entropy,13
2189,error,13
2252,excitatory,13
2511,gamma,13
2521,general,13
2647,hierarchy,13
2699,humans,13
3122,left,13
3131,less,13
3205,long-term,13
3215,low,13
3370,mental,13
3407,mind,13
3859,parameter,13
3941,pfc,13
4144,produced,13
4241,radiology,13
4246,random,13
4466,revealed,13
4727,significant,13
4736,simple,13
4785,small,13
4803,somatosensory,13
4853,spike,13
5114,test,13
933,anesthesia,12
1123,basis,12
1146,behavioural,12
1150,being,12
1166,better,12
1232,braga,12
1305,case,12
1912,difficulty,12
1953,disease,12
1970,distinct,12
2123,enable,12
2128,encoded,12
2341,faculty,12
2424,focus,12
2728,identified,12
3015,italy,12
3093,larger,12
3113,leading,12
3180,lluís,12
3204,long-range,12
3432,modeled,12
3590,neuron,12
3632,noise-driven,12
3710,objects,12
3746,ongoing,12
3867,parietal,12
4045,potential,12
4071,prediction,12
4085,premotor,12
4460,resulting,12
4566,scale,12
4570,scales,12
4623,selective,12
4810,source,12
4867,spontaneously,12
5049,synchronized,12
5117,tested,12
5234,transient,12
5242,transmission,12
5305,unclear,12
5368,usa,12
5441,vibrotactile,12
5442,vic,12
306,(fmri),11
1108,balance,11
1195,biomedical,11
1327,caused,11
1539,connected,11
1650,corresponding,11
1861,detailed,11
2075,either,11
2085,electrophysiological,11
2106,emerges,11
2281,experimentally,11
2313,external,11
2352,faster,11
2472,frequencies,11
2480,frontal,11
2603,had,11
2766,implemented,11
2939,interest,11
3074,laboratory,11
3112,lead,11
3141,lexical,11
3144,lfp,11
3256,main,11
3339,measure,11
3437,modes,11
3670,normal,11
3871,part,11
3986,plausible,11
4048,potentials,11
4049,power,11
4093,presented,11
4275,reaction,11
4408,representation,11
4439,respond,11
4457,result,11
5209,topology,11
5553,without,11
126,(2)center,10
128,(2)department,10
152,(3)department,10
170,(4)department,10
205,(6)department,10
665,4710-057,10
900,am,10
924,analyzed,10
969,approaches,10
985,argue,10
993,around,10
1070,autism,10
1158,berlin,10
1161,best,10
1168,beyond,10
1201,biophysically,10
1726,damage,10
1782,default,10
1990,dmn,10
2105,emergent,10
2107,emerging,10
2118,empirically,10
2294,exploration,10
2333,facilitation,10
2337,factors,10
2410,flexibility,10
2611,hand,10
2632,help,10
2665,hippocampal,10
2736,ignition,10
2828,induced,10
3016,itc,10
3130,lesions,10
3167,linked,10
3221,lower,10
3265,makes,10
3282,mapping,10
3349,mechanistic,10
3435,modelling,10
3475,motion,10
3756,operates,10
3802,oscillators,10
3853,paper,10
3934,perspective,10
3953,phenomena,10
4130,problem,10
4329,reflect,10
4380,remains,10
4437,respect,10
4534,rule,10
4792,social,10
4938,strength,10
4947,stroke,10
4949,strong,10
4992,successfully,10
5039,switching,10
5043,synapses,10
5140,theory,10
5192,together,10
5214,towards,10
5318,underlie,10
886,alterations,9
910,amplitude,9
1080,available,9
1088,average,9
1133,become,9
1183,binding,9
1315,categorization,9
1443,college,9
1450,combined,9
1634,copenhagen,9
1687,criticality,9
1829,depends,9
1842,described,9
1904,differential,9
1955,disorder,9
2008,dorsal,9
2060,edmund,9
2102,emerge,9
2124,enables,9
2296,explore,9
2348,fargas,9
2423,focal,9
2491,functionally,9
2580,graph,9
2695,hubs,9
2713,hz),9
2778,importantly,9
2890,instability,9
2899,institut,9
3103,lateral,9
3351,medial,9
3399,might,9
3409,minho,9
3447,modulated,9
3538,nature,9
3714,observations,9
3728,occurring,9
3735,often,9
3768,optimal,9
3781,org,9
3879,particularly,9
4244,ramon,9
4341,region,9
4356,relate,9
4359,relation,9
4407,represent,9
4465,reveal,9
4699,short,9
4708,showing,9
4745,simulation,9
4832,spatio-temporal,9
4898,statistics,9
4940,strengths,9
5067,taken,9
5260,trias,9
5288,type,9
5326,understood,9
5341,unit,9
5364,upon,9
5413,various,9
419,(rsns),8
530,10,8
709,8000,8
755,accounts,8
761,acetylcholine,8
817,advantage,8
823,affect,8
887,altered,8
912,amygdala,8
1022,association,8
1358,characteristic,8
1359,characteristics,8
1424,coding,8
1442,collective,8
1457,common,8
1468,compare,8
1529,configurations,8
1567,consistently,8
1616,contributions,8
1716,currents,8
1786,define,8
1791,degree,8
1838,derived,8
1897,did,8
2052,ec,8
2053,ecole,8
2164,environment,8
2194,especially,8
2250,excitation,8
2265,existence,8
2302,exposure,8
2312,extent,8
2362,feature,8
2430,following,8
2529,generate,8
2768,implicated,8
2977,introduce,8
3098,last,8
3134,leuven,8
3166,link,8
3331,mdd,8
3462,monkey,8
3487,movement,8
3494,much,8
3517,must,8
3536,natural,8
3537,naturally,8
3574,neurobiological,8
3606,neurosciences,8
3623,nmda,8
3627,node,8
3749,onset,8
3777,orbitofrontal,8
3854,paradigm,8
3927,periods,8
3957,phenomenon,8
3959,phoneme,8
3965,physiological,8
3983,plasticity,8
4069,predicted,8
4074,predicts,8
4110,previously,8
4118,principles,8
4128,probability,8
4143,produce,8
4334,reflects,8
4378,remain,8
4421,required,8
4497,ripples,8
4517,rolls@oxcns,8
4580,scenarios,8
4615,segregation,8
4625,selectivity,8
4659,sequence,8
4696,shift,8
4741,simulate,8
4752,single-cell,8
4842,specifically,8
4848,speech,8
4935,stream,8
5037,switch,8
5051,synchronous,8
5052,synchrony,8
5144,thereby,8
5372,useful,8
5435,via,8
5445,view,8
5493,ways,8
5525,whole,8
5532,wide,8
5572,years,8
47,(,7
79,(1)oxford,7
213,(7)department,7
328,(icvs),7
721,94,7
841,aging,7
868,allows,7
923,analyze,7
937,animal,7
1024,associative,7
1042,attended,7
1122,basins,7
1179,bilinguals,7
1188,biological,7
1280,canada,7
1298,carrer,7
1308,catalan,7
1491,components,7
1500,computed,7
1501,computer,7
1511,conclude,7
1543,connection,7
1547,connectome,7
1550,connectomes,7
1561,considered,7
1615,contribution,7
1628,cooperation,7
1636,core,7
1658,cortico-cortical,7
1669,course,7
1699,crucially,7
1809,demonstrated,7
1824,depend,7
1833,depth,7
1845,description,7
1851,despite,7
1871,determined,7
1910,difficult,7
1924,directed,7
1925,direction,7
1959,display,7
1973,distinguish,7
1979,distributions,7
2104,emergence,7
2182,equations,7
2200,established,7
2242,example,7
2268,exon,7
2384,fields,7
2405,fit,7
2484,fudan,7
2571,graded,7
2602,gyrus,7
2637,hence,7
2757,impact,7
2763,implement,7
2776,importance,7
2841,influences,7
2951,interplay,7
3092,largely,7
3150,lifespan,7
3164,linear,7
3182,lobe,7
3191,locally,7
3262,major,7
3320,matter,7
3342,measurements,7
3353,mediated,7
3380,metastability,7
3551,neglect,7
3612,nevertheless,7
3697,numerical,7
3712,observation,7
3752,open,7
3758,operation,7
3898,pattern,7
3916,perform,7
3920,performed,7
4025,positive,7
4054,pr,7
4067,predict,7
4112,primary,7
4170,propagation,7
4172,property,7
4201,psychophysical,7
4262,rather,7
4293,receptive,7
4321,reduces,7
4415,reproduce,7
4423,requires,7
4491,right,7
4507,robust,7
4617,seizure,7
4661,sequential,7
4673,sets,7
4681,shanghai,7
4748,simultaneously,7
4796,solution,7
4849,speed,7
5000,suggested,7
5040,switzerland,7
5071,target,7
5158,thought,7
5289,types,7
5484,wakefulness,7
5518,whereas,7
53,(<0,6
75,(1)institució,6
235,(9)department,6
365,(mib),6
758,accuracy,6
775,actions,6
788,ad,6
791,adaptation-driven,6
824,affected,6
827,affects,6
873,alpha,6
892,alternative,6
961,application,6
1085,avancées,6
1114,bands,6
1121,basic,6
1181,binary,6
1200,biophysical,6
1206,bistable,6
1314,categories,6
1333,central,6
1339,certain,6
1402,close,6
1446,com,6
1458,commonly,6
1464,communities,6
1490,component,6
1498,computations,6
1545,connectivities,6
1553,consciousness,6
1558,consider,6
1584,constructed,6
1592,context,6
1601,continuous,6
1642,correlates,6
1657,cortices,6
1677,covering,6
1692,cross-modal,6
1708,cues,6
1739,dbs,6
1778,decreases,6
1779,decreasing,6
1787,defined,6
1860,detail,6
1879,developed,6
1881,development,6
1944,discriminability,6
1998,domain,6
2011,down,6
2021,drive,6
2022,driven,6
2056,edge,6
2070,efficiency,6
2127,encode,6
2141,engineering,6
2199,establish,6
2202,estimate,6
2203,estimated,6
2212,études,6
2233,evoked,6
2263,exhibits,6
2274,expected,6
2278,experiment,6
2286,explained,6
2292,explicitly,6
2297,explored,6
2314,externally,6
2336,factor,6
2390,finding,6
2457,foundation,6
2458,four,6
2469,free,6
2477,frequently,6
2487,fully,6
2549,girona,6
2597,growing,6
2614,harmonic,6
2644,hierarchical,6
2703,hyderabad,6
2727,identification,6
2730,identify,6
2813,indeed,6
2814,independent,6
2840,influenced,6
2871,injury,6
2916,integrative,6
2950,interneurons,6
3009,issue,6
3117,learned,6
3120,least,6
3149,life,6
3168,linking,6
3200,long,6
3257,mainly,6
3268,manchester,6
3333,mean-field,6
3359,meditation,6
3378,metacognition,6
3428,modalities,6
3451,modulations,6
3458,moments,6
3546,need,6
3549,negative,6
3573,neuroanatomical,6
3621,nklmpg@stanford,6
3636,noisy,6
3647,non-reward,6
3658,nonlinear,6
3671,normale,6
3725,occur,6
3750,ontario,6
3787,organized,6
3858,parallel,6
3901,pbd,6
3928,peripheral,6
4036,posterior,6
4062,precise,6
4098,presumably,6
4113,primate,6
4184,provided,6
4289,received,6
4308,recording,6
4372,relevance,6
4403,report,6
4483,rhythmic,6
4500,risk,6
4519,rome,6
4529,rsns,6
4582,scenes,6
4643,sensitivity,6
4698,shifts,6
4705,should,6
4780,slow-wave,6
4847,spectrum,6
4872,st,6
4878,stage,6
4951,strongly,6
4966,subcortical,6
4968,subject,6
5001,suggesting,6
5012,supérieure,6
5110,term,6
5162,three,6
5210,toronto,6
5361,until,6
5384,v1,6
5406,variation,6
5412,variety,6
5417,velocities,6
5491,waves,6
5547,wisconsin,6
69,(1)computational,5
85,(1)universitat,5
168,(4)center,5
225,(8)department,5
287,(dmn),5
293,(ec),5
294,(eeg),5
323,(i,5
324,(i),5
332,(ii),5
388,(or,5
403,(pfc),5
438,(study,5
650,3bg,5
744,access,5
747,accompanied,5
750,according,5
763,achieved,5
777,activated,5
783,activities,5
801,additional,5
847,aim,5
866,allowed,5
872,along,5
884,alter,5
906,amount,5
913,amygdalar,5
918,analyses,5
935,angeles,5
938,animals,5
949,anxious-depressive,5
988,arise,5
1009,aspect,5
1026,assume,5
1034,asynchronous,5
1041,attempts,5
1051,attraction,5
1054,attractor-based,5
1081,avalanches,5
1082,avanats,5
1109,balanced,5
1174,biasing,5
1217,body,5
1226,bottom-up,5
1268,ca,5
1291,captured,5
1323,causal,5
1329,cell,5
1331,cellular,5
1360,characterization,5
1369,children,5
1382,circuit,5
1397,clinic,5
1398,clínic,5
1415,cnrs,5
1447,combination,5
1448,combinations,5
1451,combines,5
1471,comparison,5
1477,competing,5
1502,computing,5
1513,conclusions,5
1525,conduction,5
1555,consequence,5
1563,considers,5
1611,contribute,5
1640,correlate,5
1698,crucial,5
1703,csf,5
1789,definition,5
1848,design,5
1874,deterministic,5
1901,difference,5
1929,directly,5
1941,discrepancies,5
1962,displays,5
1985,division,5
2006,dopamine,5
2063,eeg,5
2072,efficiently,5
2090,elements,5
2111,emotional,5
2120,employed,5
2138,energy,5
2163,envelopes,5
2208,et,5
2234,evolution,5
2240,examined,5
2261,exhibited,5
2266,existing,5
2289,explanation,5
2291,explicit,5
2306,expression,5
2335,fact,5
2374,feedforward,5
2414,flow,5
2445,formation,5
2449,forming,5
2454,forward,5
2530,generated,5
2558,globally,5
2596,groups,5
2817,india,5
2820,indicates,5
2830,infer,5
2833,inferior,5
2880,inserm,5
2909,integrate,5
2913,integrating,5
2928,interact,5
2941,interesting,5
2944,intermediate,5
2947,internal,5
2962,intervals,5
2984,inverse,5
2992,investigation,5
2994,involve,5
2997,involves,5
3071,l,5
3084,landscape,5
3102,latent,5
3121,led,5
3127,lesion,5
3152,light,5
3160,limited,5
3169,links,5
3192,located,5
3210,los,5
3214,louis,5
3244,macroscopic,5
3258,maintain,5
3261,maintenance,5
3315,mathematical,5
3445,modular,5
3469,mood,5
3493,mri,5
3501,multimodal,5
3534,national,5
3539,near,5
3545,necessary,5
3575,neurobiology,5
3616,next,5
3729,occurs,5
3744,ones,5
3800,oscillation,5
3812,outcome,5
3892,paths,5
3921,performing,5
3937,perturbations,5
3979,planar,5
4066,precuneus,5
4145,produces,5
4217,putative,5
4256,rare,5
4312,recovery,5
4330,reflected,5
4351,regulation,5
4364,relatively,5
4381,remarkable,5
4414,represents,5
4416,reproduced,5
4455,restricted,5
4562,sc,5
4565,scaffold,5
4622,selection,5
4646,sensor-level,5
4651,sensory-motor,5
4665,serve,5
4684,shaped,5
4750,since,5
4815,soz,5
4826,sparse,5
4839,specialized,5
4864,spiking-related,5
4892,static,5
4901,stdp,5
4962,studying,5
4997,sufficient,5
5065,taipei,5
5080,task-related,5
5082,task-specific,5
5108,tensor,5
5135,theoretic,5
5266,trust,5
5275,turn,5
5335,unifying,5
5348,université,5
5377,usually,5
5403,variance,5
5408,variations,5
5495,wc1n,5
5523,white,5
5533,widely,5
5550,wisconsin-madison,5
6,#NAME?,4
8,"""",4
63,-1,4
123,-2,4
149,(3)center,4
262,(c,4
312,(g,4
390,(p < 0,4
493,&,4
497,→,4
555,12,4
563,14195,4
565,15,4
574,18,4
582,1d,4
634,3001,4
664,46,4
688,6201bc,4
746,accessible,4
815,advanced,4
818,advantageous,4
835,again,4
844,agreement,4
851,al,4
857,albrechts,4
891,alternations,4
902,ambiguous,4
907,ampa,4
921,analytical,4
925,analyzing,4
929,anatomy,4
931,and/or,4
934,anesthetized,4
962,applications,4
966,applying,4
1013,assess,4
1030,assumptions,4
1093,awake,4
1111,band,4
1125,baycrest,4
1134,becomes,4
1149,behind,4
1151,belgium,4
1152,believed,4
1170,bias,4
1184,binocular,4
1193,biomarkers,4
1231,br,4
1235,brain-inspired,4
1254,building,4
1276,called,4
1282,cannot,4
1285,capabilities,4
1286,capability,4
1349,changed,4
1377,christian,4
1380,cingulate,4
1385,circuits,4
1386,circumval,4
1389,claim,4
1403,closely,4
1421,code,4
1470,comparing,4
1481,complementary,4
1499,compute,4
1505,concept,4
1506,concepts,4
1523,conductances,4
1531,confirm,4
1532,confirmed,4
1538,conjunction,4
1551,connectomics,4
1552,conscious,4
1562,considering,4
1568,consisting,4
1572,constant,4
1578,constrained,4
1588,contains,4
1594,context-dependent,4
1614,contributing,4
1625,convergence,4
1651,corresponds,4
1711,cultures,4
1720,cybernetics,4
1721,cycle,4
1727,damaged,4
1785,deficits,4
1802,delta,4
1832,depressive,4
1844,describing,4
1859,desynchronized,4
1862,detect,4
1864,detected,4
1870,determine,4
1894,dialectal,4
1899,differ,4
1918,dimensions,4
1923,direct,4
1927,directional,4
1988,dk-2100,4
2002,dominance,4
2034,dyadic,4
2038,dynamically,4
2079,electrode,4
2082,electroencephalography,4
2093,elicited,4
2096,elucidate,4
2114,emphasize,4
2122,en,4
2146,enhances,4
2156,entire,4
2162,envelope,4
2170,epilepsy,4
2181,equation,4
2197,essential,4
2204,estimates,4
2206,estimation,4
2217,evaluated,4
2219,evaluation,4
2248,excitability,4
2251,excitation-inhibition,4
2260,exhibit,4
2288,explains,4
2308,extended,4
2347,far,4
2350,fast,4
2353,fatigue,4
2380,fewer,4
2432,fondazione,4
2435,forces,4
2483,frontoparietal,4
2492,functioning,4
2503,gaba,4
2588,greater,4
2592,ground,4
2609,hamburg,4
2610,hamburg-eppendorf,4
2627,hebbian-like,4
2635,hemisphere,4
2666,hippocampus,4
2707,hypotheses,4
2710,hypothesize,4
2711,hypothesized,4
2742,illustrate,4
2764,implementation,4
2770,implications,4
2806,incorporates,4
2827,induce,4
2831,inference,4
2848,informative,4
2865,initial,4
2911,integrated,4
2918,intelligence,4
2953,interpretation,4
2954,interpretations,4
2976,intrinsically,4
2991,investigating,4
2998,involving,4
3002,irccs,4
3024,itself,4
3031,joan,4
3056,kiel,4
3064,knowledge,4
3069,ku,4
3108,law,4
3125,lentzeallee,4
3145,lfps,4
3190,localized,4
3193,location,4
3290,mario,4
3298,marseille,4
3337,means,4
3355,mediating,4
3387,methylation,4
3398,middle,4
3441,modified,4
3467,montage,4
3490,moving,4
3491,mpc,4
3498,multi-stable,4
3507,multistability,4
3512,munich,4
3529,namely,4
3599,neuroplasticity,4
3600,neuropsychiatric,4
3665,nonspeech,4
3680,notably,4
3715,observe,4
3727,occurrence,4
3736,old,4
3755,operate,4
3773,option,4
3807,others,4
3813,outcomes,4
3840,p,4
3843,padova,4
3855,paradigms,4
3869,parkinson,4
3881,partner,4
3883,parts,4
3930,persistence,4
3931,persistent,4
3966,physiology,4
3975,place,4
3977,placed,4
4015,poorly,4
4040,postponed,4
4047,potentially,4
4092,presentation,4
4095,presents,4
4111,primarily,4
4116,principle,4
4149,profiles,4
4162,promising,4
4173,proportion,4
4181,proved,4
4186,providing,4
4191,psilocybin,4
4205,psychosis,4
4224,quantified,4
4235,questions,4
4255,rapidly,4
4263,ratio,4
4279,real,4
4286,recall,4
4294,receptor,4
4295,receptors,4
4327,referred,4
4331,reflecting,4
4362,relationships,4
4363,relative,4
4375,reliably,4
4406,reports,4
4420,require,4
4468,reveals,4
4482,rewards,4
4499,rise,4
4503,rivalry,4
4516,roles,4
4526,rs-fc,4
4527,rs-fmri,4
4536,rules,4
4545,sad,4
4553,san,4
4555,sant,4
4572,scalp,4
4604,second-order,4
4610,seems,4
4619,seizures,4
4620,select,4
4621,selected,4
4641,sensitive,4
4653,separate,4
4683,shape,4
4697,shifting,4
4726,significance,4
4730,silent,4
4738,simplified,4
4744,simulating,4
4759,sites,4
4788,smaller,4
4791,so-called,4
4831,spatially,4
4846,spectral,4
4869,spread,4
4879,stages,4
4881,standard,4
4891,states),4
4950,stronger,4
5007,summarizes,4
5008,summary,4
5013,superior,4
5018,supported,4
5022,suppression,4
5035,sustained,4
5058,systematically,4
5066,taiwan,4
5069,taking,4
5073,targets,4
5118,testing,4
5122,thalamocortical,4
5123,thalamus,4
5153,third,4
5157,though,4
5163,threshold,4
5182,timescale,4
5222,traditional,4
5227,training,4
5228,trains,4
5241,translation,4
5254,trial,4
5269,tübingen,4
5271,tuned,4
5286,two-stage,4
5352,unknown,4
5394,value,4
5430,versus,4
5458,visuomotor,4
5461,vivo,4
5502,weak,4
5504,weaker,4
5507,weber,4
5530,whose,4
5531,why,4
5561,works,4
23,"""operating",3
30,"""resting",3
97,(11)department,3
107,(13)department,3
114,(15)department,3
145,-3,3
179,(4)research,3
202,(6)center,3
212,(7)center,3
248,(as,3
266,(chuv-unil),3
319,(hospital,3
325,(ibens),3
333,(iii),3
352,(lfps),3
356,(m,3
362,(meg),3
418,(rsn),3
422,(sc),3
435,(stdp),3
510,005),3
517,05),3
529,1),3
540,101,3
541,1011,3
544,1015,3
556,122-140,3
572,17/18,3
583,1f,3
588,2),3
622,27,3
627,2.00E+01,3
635,30126,3
640,35,3
673,5),3
679,52,3
698,72076,3
700,75005,3
723,9pt,3
729,abnormal,3
734,above,3
742,academy,3
759,accurate,3
765,acid,3
780,activations,3
789,adapt,3
812,adopted,3
834,ag,3
854,albeit,3
870,almost,3
871,alone,3
882,already,3
888,altering,3
894,alters,3
897,altogether,3
899,alzheimer,3
916,analyse,3
917,analysed,3
920,analytic,3
953,apparent,3
958,appears,3
965,apply,3
968,approached,3
989,arises,3
1003,artificial,3
1014,assessed,3
1028,assuming,3
1029,assumption,3
1033,asymmetry,3
1063,audiovisual,3
1069,authors,3
1090,averaged,3
1094,awareness,3
1099,axons,3
1104,backbone,3
1107,backward,3
1118,base,3
1127,bayesian,3
1128,bcnatal,3
1140,behaving,3
1143,behaviorally,3
1144,behaviors,3
1156,benchmark,3
1191,biologie,3
1213,blood,3
1216,bnss,3
1224,boston,3
1230,box,3
1237,brainx(3),3
1240,bridging,3
1241,briefly,3
1252,build,3
1274,california,3
1277,camillo,3
1290,capture,3
1295,card,3
1320,category,3
1328,causes,3
1364,characterizing,3
1375,cholinergic,3
1391,classic,3
1392,classical,3
1395,clear,3
1396,clearly,3
1400,clinically,3
1410,clustered,3
1411,clustering,3
1412,clusters,3
1423,codes,3
1461,communicated,3
1463,communications,3
1510,concerning,3
1512,conclusion,3
1515,concordant,3
1517,condition,3
1556,consequences,3
1557,consequently,3
1565,consistency,3
1569,consists,3
1570,consolidation,3
1582,constraints,3
1583,construct,3
1598,continue,3
1631,coordinated,3
1633,coordination,3
1671,covariances,3
1674,covary,3
1675,coventry,3
1680,cpg-specific,3
1688,critically,3
1706,cue,3
1710,cultured,3
1712,cuneus,3
1752,debate,3
1753,decade,3
1754,decades,3
1771,decoding,3
1773,decomposition,3
1781,deeper,3
1783,default-mode,3
1794,del,3
1796,delayed,3
1810,demonstrates,3
1816,density,3
1825,dependence,3
1828,depending,3
1843,describes,3
1854,destabilizes,3
1877,deu),3
1878,develop,3
1931,discharge,3
1937,discordant,3
1939,discovered,3
1940,discovery,3
1943,discrete,3
1951,discussion,3
1954,diseases,3
1969,distant,3
1983,diversity,3
2015,dr,3
2049,easily,3
2069,efficacy,3
2078,electrical,3
2091,elevated,3
2100,elusive,3
2119,employ,3
2135,end,3
2136,endogenous,3
2140,engaged,3
2144,enhanced,3
2145,enhancement,3
2165,environmental,3
2177,epochs,3
2190,errors,3
2209,et al,3
2216,evaluate,3
2227,every,3
2231,evident,3
2236,evolves,3
2239,examine,3
2246,exchanged,3
2299,exponential,3
2301,exposed,3
2307,extend,3
2311,extensive,3
2324,eye,3
2328,face,3
2334,facility,3
2365,feature-selective,3
2368,fédérale,3
2378,fetal,3
2379,few,3
2385,filtered,3
2386,filtering,3
2407,fitted,3
2411,flexible,3
2412,flexibly,3
2418,fluctuation-driven,3
2427,follow,3
2439,formal,3
2450,forms,3
2460,fourth,3
2461,fovea,3
2468,frankfurt,3
2500,future,3
2536,genes,3
2538,genetic,3
2561,glutamatergic,3
2566,goethe,3
2568,governed,3
2569,governing,3
2575,gradual,3
2606,half,3
2622,having,3
2631,held,3
2660,highlights,3
2668,history,3
2679,homological,3
2681,hopf,3
2715,i+d,3
2722,ictal,3
2733,idibaps,3
2738,ignored,3
2745,image,3
2760,impairment,3
2761,impairments,3
2762,imperial,3
2767,implementing,3
2797,include,3
2801,incoming,3
2819,indicated,3
2829,induction,3
2870,injured,3
2882,inside,3
2887,inspired,3
2889,instabilities,3
2922,inter-laminar,3
2935,interconnected,3
2940,interested,3
2942,interestingly,3
2949,international,3
2952,interpret,3
2960,interval,3
2967,intra-cortical,3
2978,introduced,3
2980,introducing,3
2986,investigación,3
3003,irregular,3
3018,item,3
3025,j,3
3034,josep,3
3049,keeping,3
3052,kernel,3
3068,kringelbach@queens,3
3073,lab,3
3075,lació,3
3080,lagged,3
3104,latter,3
3109,layer,3
3111,ldt,3
3158,limit,3
3175,literature,3
3176,little,3
3206,longer,3
3218,low-frequency,3
3230,m,3
3235,m13,3
3236,m6a,3
3254,magnitude,3
3259,maintained,3
3275,manner,3
3277,mannheim,3
3279,map,3
3295,marking,3
3314,maternal-fetal,3
3318,matrices,3
3361,meditators,3
3366,memories,3
3376,mesoscopic,3
3389,metrics,3
3390,mexico,3
3395,microscale,3
3396,microscopic,3
3410,minimal,3
3431,model-based,3
3440,modification,3
3448,modulates,3
3453,module,3
3457,molecular,3
3466,monozygotic,3
3474,mostly,3
3477,motivated,3
3506,multisensory,3
3509,multitude,3
3528,named,3
3535,native,3
3547,needed,3
3557,neonatal,3
3588,neuromodulation,3
3589,neuromodulator,3
3598,neurophysiology,3
3604,neurosci,3
3611,never,3
3622,nl,3
3649,non-soz,3
3651,non-stationary,3
3666,nonstationary,3
3688,nr3c1,3
3698,numerically,3
3699,numerous,3
3701,ny,3
3702,o,3
3704,object-based,3
3730,ocd,3
3738,olfactory,3
3742,one-dimensional,3
3751,onto,3
3763,opportunity,3
3765,opposite,3
3786,organizational,3
3789,oriented,3
3791,original,3
3793,originate,3
3804,oslo,3
3814,outgoing,3
3819,output,3
3832,overview,3
3835,ox1,3
3837,ox37jx,3
3846,pairs,3
3847,pairs),3
3848,pairwise,3
3880,partly,3
3894,pathways,3
3895,patient,3
3912,percepts,3
3945,pharmacology,3
3964,physical,3
3971,pinpoint,3
3973,pl,3
3982,plastic,3
3994,pofc,3
4006,polytechnique,3
4014,poor,3
4023,position,3
4061,precentral,3
4101,presynaptic,3
4107,prevents,3
4115,principal,3
4125,priors,3
4155,progressive,3
4159,prominent,3
4163,promote,3
4169,propagate,3
4177,proposes,3
4192,psl,3
4195,psychiatric,3
4212,punishment,3
4222,qualitatively,3
4232,queen,3
4239,r,3
4243,raises,3
4253,ranging,3
4254,rapid,3
4273,reached,3
4280,real-time,3
4340,regimes,3
4346,regularities,3
4358,relates,3
4382,remarkably,3
4385,remitted,3
4387,removal,3
4392,reorganization,3
4413,representing,3
4424,requiring,3
4433,resolution,3
4467,revealing,3
4494,rigshospitalet,3
4508,robustly,3
4548,salient,3
4552,sample,3
4579,scenario,3
4581,scene,3
4614,segregated,3
4629,self-organized,3
4631,self-referential,3
4655,separately,3
4662,serial,3
4669,sessions,3
4692,shed,3
4701,short-range,3
4715,siemens,3
4725,signatures,3
4747,simultaneous,3
4763,size,3
4775,slopes,3
4807,sorting,3
4814,southwest,3
4818,space-time,3
4855,spike-frequency,3
4865,spin,3
4870,square,3
4900,std,3
4956,structure-function,3
4977,subsequent,3
4978,subsequently,3
4998,sufficiently,3
5015,supplementary,3
5020,supports,3
5028,surprisingly,3
5048,synchronize,3
5057,systematic,3
5068,takes,3
5070,tanger,3
5077,task-driven,3
5081,task-relevant,3
5087,tau,3
5091,technique,3
5092,techniques,3
5113,tervuursevest,3
5165,throughout,3
5179,time),3
5183,timescales,3
5196,tool,3
5197,tools,3
5206,topological,3
5223,traditionally,3
5229,trajectories,3
5230,transfer,3
5236,transients,3
5249,treat,3
5255,trial-and-error,3
5264,trueta,3
5274,tuning,3
5279,twin,3
5282,two-alternative,3
5285,two-dimensional,3
5290,typically,3
5302,uncertain,3
5319,underlies,3
5333,unified,3
5344,units,3
5353,unlike,3
5401,variable,3
5449,virtual,3
5457,visually,3
5477,vulnerability,3
5482,wake,3
5486,warwick,3
5488,washington,3
5527,whole-cortex,3
5535,widespread,3
5554,word,3
5555,words,3
5564,workspace,3
5571,yang-ming,3
5576,yielding,3
5590,δi,3
9,"""attentional",2
11,"""biased",2
25,"""phase-of-firing",2
34,"""static""",2
46,"""wisconsin",2
82,(1)siemens,2
83,(1)theoretical,2
86,(1)university,2
89,(10)department,2
92,(10)institute,2
102,(12)department,2
111,(14)imaging,2
118,(17)department,2
131,(2)institució,2
136,(2)rotman,2
151,(3)computational,2
156,(3)max,2
164,(3)wellcome,2
180,(4)school,2
186,(5)centre,2
187,(5)department,2
193,(5)institute,2
207,(6)institute,2
223,(8)center,2
227,(8)institució,2
234,(9)center,2
238,(a,2
239,(a),2
247,(area,2
252,(b),2
258,(bold),2
260,(br),2
265,(cfin),2
296,(eitn),2
298,(epfl),2
301,(experiment,2
308,(for,2
330,(idibaps),2
334,(iiit),2
345,(itc),2
346,(iv),2
347,(j,2
354,(lpfc),2
358,(mdd),2
359,(mean,2
373,(n,2
392,(p<0,2
401,(pearson,2
409,(present,2
415,(rs-fc),2
416,(rs-fmri),2
432,(ssots),2
447,(unic),2
450,(utah),2
496,©,2
500,<0,2
508,142,2
509,185,2
525,8036,2
543,10117,2
547,1081bt,2
549,10hz,2
552,1106,2
558,13,2
559,13005,2
561,14,2
571,17,2
589,20,2
592,2001),2
599,2007,2
603,2011),2
606,2016,2
609,20246,2
611,21,2
614,24,2
616,24118,2
617,25,2
639,33,2
667,48,2
675,50,2
681,53719,2
683,5k8,2
686,616,2
687,6200,2
696,70,2
699,75004,2
701,75012,2
716,90,2
720,91190,2
722,9du,2
741,academic,2
751,accordingly,2
753,accounted,2
754,accounting,2
760,accurately,2
776,activate,2
782,actively,2
787,acts,2
796,adaptor,2
805,addressed,2
808,adequately,2
813,adrian,2
825,affecting,2
828,afferents,2
829,affiliated,2
836,against,2
837,age,2
839,ageing,2
850,aix-marseille,2
852,albantakis@upf,2
855,alberoni,2
858,albuquerque,2
859,algorithm,2
862,allahabad,2
867,allowing,2
877,alpha-band,2
909,amplification,2
922,analytically,2
928,anatomically-informed,2
932,andres,2
952,apoe4,2
954,apparently,2
971,appropriate,2
974,approximates,2
978,architectures,2
997,arranged,2
999,array,2
1000,arrays,2
1004,artificially,2
1005,arts,2
1011,assemblies,2
1019,associate,2
1027,assumed,2
1032,asymmetrical,2
1040,attempted,2
1048,attentive,2
1052,attractive,2
1056,attribute,2
1057,attributed,2
1065,august,2
1071,autoassociation,2
1075,automatic,2
1076,automatically,2
1078,av,2
1083,avancats,2
1087,avenues,2
1100,aβ1 - 42,2
1101,b,2
1105,background,2
1110,balancing,2
1113,band-pass,2
1117,basal,2
1129,bd,2
1131,bear,2
1147,behaviourally,2
1153,bellvitge,2
1154,belonging,2
1157,benchmarks,2
1159,bernstein,2
1165,bethesda,2
1169,bfs,2
1172,biased-competition,2
1173,biases,2
1178,bilingual,2
1180,bimodal,2
1187,biología,2
1192,biomarker,2
1194,biomédica,2
1197,biomedicina,2
1202,biophysically-realistic,2
1203,bipolar,2
1204,birmingham,2
1205,bistability,2
1218,boechorststraat,2
1220,bold-fmri,2
1222,born,2
1242,bring,2
1245,broad,2
1250,bugnon,2
1251,buhlmann@upf,2
1255,built,2
1258,bursts,2
1270,cabral@psych,2
1272,calculated,2
1284,cantabria,2
1287,capable,2
1288,capacities,2
1292,captures,2
1294,carattere,2
1299,carried,2
1301,carriership,2
1303,carry,2
1309,catalan-dominant,2
1326,cause,2
1330,cells,2
1335,centrality,2
1338,cerebral,2
1340,certainty,2
1342,challenge,2
1344,challenges,2
1345,challenging,2
1346,champalimaud,2
1352,changing,2
1355,chaotic,2
1356,chapter,2
1363,characterizes,2
1365,charité,2
1366,charitéplatz,2
1367,chieti,2
1390,class,2
1393,classified,2
1416,co-activation,2
1420,coactivation,2
1427,coexistence,2
1437,cohort,2
1440,collected,2
1449,combine,2
1452,combining,2
1454,coming,2
1460,communicate,2
1473,compatible,2
1479,competitive,2
1495,comprised,2
1507,conceptual,2
1514,concomitant,2
1518,conditional,2
1530,confined,2
1534,conflicting,2
1537,conjecture,2
1571,conspicuous,2
1573,constantly,2
1577,constrain,2
1580,constrains,2
1585,consuming,2
1591,content,2
1593,context-,2
1602,continuously,2
1624,conventional,2
1638,corporate,2
1645,correlation),2
1648,correspond,2
1649,correspondence,2
1670,courses,2
1678,covert,2
1684,criteria,2
1697,crowding,2
1702,csds,2
1707,cueing,2
1713,cura,2
1715,currently,2
1717,curve,2
1718,curves,2
1729,damped,2
1731,dannunzio,2
1734,data-driven,2
1741,dcm),2
1748,deactivation,2
1762,decision-related,2
1770,decoded,2
1793,dei,2
1797,delayed-match-to-sample,2
1803,delta-band,2
1814,dense,2
1822,departments,2
1827,dependent,2
1834,der,2
1839,deriving,2
1840,des,2
1846,descriptions,2
1863,detectability,2
1867,detects,2
1869,determinants,2
1873,determining,2
1880,developing,2
1887,di,2
1888,diagnosis,2
1889,diagnostic,2
1909,differs,2
1913,diffuse,2
1916,dimension,2
1917,dimensionality,2
1920,diminished,2
1932,discharges,2
1934,disconnection,2
1936,disconnectivity,2
1942,discrepancy,2
1945,discriminate,2
1950,discusses,2
1961,displaying,2
1965,disruption,2
1967,dissolution,2
1976,distractibility,2
1982,diverse,2
1986,divisive,2
1989,dk-8000,2
2000,domains,2
2003,dominant,2
2005,done,2
2020,drift-diffusion,2
2029,du,2
2031,duration,2
2032,durations,2
2050,easiness,2
2051,easy,2
2058,edges,2
2059,edinburgh,2
2067,effectively,2
2071,efficient,2
2073,effort,2
2080,electroencephalogram,2
2113,emphasis,2
2125,enabling,2
2148,enough,2
2151,ensembles,2
2159,entries,2
2172,epileptogenic,2
2176,episodic,2
2186,equivalents,2
2191,es,2
2192,escape,2
2214,european,2
2229,evidenced,2
2241,examining,2
2245,exchange,2
2255,excursions,2
2256,execution,2
2257,executive,2
2264,exist,2
2269,expand,2
2271,expansion,2
2273,expectations,2
2276,experience,2
2277,experienced,2
2298,exploring,2
2300,exponentially,2
2309,extension,2
2315,extinction,2
2319,extracting,2
2326,f,2
2329,facilitate,2
2349,fashion,2
2354,favor,2
2359,fe,2
2363,feature-based,2
2370,feed-forward,2
2392,fine,2
2393,finer,2
2397,finite,2
2398,finite-size,2
2404,fisher,2
2408,fixed,2
2409,flash,2
2434,force,2
2447,formed,2
2448,former,2
2451,formulation,2
2471,freeman,2
2485,full,2
2508,gain,2
2514,ganglia,2
2517,gating,2
2520,gene,2
2533,generator,2
2534,generators,2
2537,genesis,2
2541,gerald,2
2547,gif-sur-yvette,2
2548,gilson@upf,2
2553,giving,2
2554,glass,2
2559,glucocorticoid,2
2560,glutamate,2
2563,goal-directed,2
2565,goes,2
2570,government,2
2572,gradient,2
2574,gradiometers,2
2576,gradually,2
2577,grand,2
2581,graph-based,2
2586,gre,2
2595,grouping,2
2605,hahn@upf,2
2615,harmonics,2
2625,hearing,2
2626,hebbian,2
2629,heidelberg-mannheim,2
2636,hemodynamic,2
2641,heterogeneous,2
2645,hierarchically,2
2651,high-frequency,2
2652,high-level,2
2653,high-resolution,2
2656,highest,2
2657,highlight,2
2658,highlighted,2
2675,holds,2
2677,homeostatic,2
2678,homogeneous,2
2680,homology,2
2691,houston,2
2694,hub,2
2701,humphreys,2
2709,"hypothesis""",2
2712,hz,2
2718,icon,2
2721,icrea,2
2731,identifying,2
2755,imim,2
2758,impacts,2
2759,impaired,2
2773,implies,2
2782,improve,2
2783,improved,2
2785,improves,2
2786,improving,2
2796,inc,2
2798,included,2
2804,incorporate,2
2821,indicating,2
2838,inflow,2
2847,information),2
2854,ingredients,2
2855,inherent,2
2856,inherently,2
2863,inhomogeneity,2
2866,initially,2
2869,injection,2
2874,innovative,2
2881,insi,2
2883,insight,2
2891,instance,2
2894,instantaneous,2
2896,instead,2
2912,integrates,2
2917,integrity,2
2929,interacting,2
2933,interacts,2
2945,intermittently,2
2948,internally,2
2955,interpreting,2
2966,intra-,2
2970,intracranial,2
2985,inverted,2
2988,investigacions,2
2993,investigations,2
3007,isolation,2
3010,issues,2
3011,istituto,2
3013,it),2
3020,iteratively,2
3032,joana,2
3036,journal,2
3045,k,2
3082,laminar,2
3089,laplacian,2
3094,largest,2
3095,larissa,2
3110,layers,2
3116,learn,2
3128,lesioned,2
3147,lido,2
3148,lies,2
3151,lifetime,2
3153,lighter,2
3155,likely,2
3173,listeners,2
3174,listening,2
3189,localised,2
3194,location),2
3198,loh@upf,2
3207,longest,2
3224,lsd,2
3225,lucia,2
3227,lund,2
3237,ma,2
3239,macaque,2
3240,macaques,2
3243,macroscale,2
3245,macroscopically,2
3255,magnus,2
3263,majority,2
3271,manifold,2
3281,mapped,2
3283,mappings,2
3285,mar,2
3287,marco,2
3291,marítim,2
3292,marked,2
3303,maryland,2
3305,mass,2
3308,match,2
3309,match-to-sample,2
3310,matched,2
3311,matching,2
3312,material,2
3319,matrix,2
3321,matthieu,2
3326,maximal,2
3330,md,2
3338,measurable,2
3341,measurement,2
3377,metabolic,2
3381,metastable,2
3385,methodology,2
3388,metric,2
3402,mild,2
3412,minimization,2
3415,minutes,2
3442,modifies,2
3443,modify,2
3444,modifying,2
3468,montages,2
3485,move,2
3486,moved,2
3499,multidimensional,2
3514,muscarinic,2
3518,mutual,2
3522,n,2
3523,n-methyl-d-aspartate,2
3525,n6a,2
3542,near-threshold,2
3548,needs,2
3550,negatively,2
3554,neither,2
3562,network-level,2
3569,neural-level,2
3576,neurocognitive,2
3578,neurodynamic,2
3580,neurodynamics,2
3601,neuropsychiatry,2
3607,neurosurgery,2
3610,neutral,2
3619,nih,2
3620,nimh,2
3626,nodal,2
3642,non-linear,2
3644,non-native,2
3650,non-stationarity,2
3664,nonspecific,2
3683,notion,2
3692,nucleus,2
3696,numbers,2
3720,obsessive-compulsive,2
3722,obtain,2
3726,occurred,2
3733,offer,2
3740,on-going,2
3754,opens,2
3757,operating,2
3770,optimization,2
3772,optimized,2
3788,orientation,2
3790,origin,2
3794,originated,2
3797,origins,2
3805,ospedale,2
3820,outputs,2
3824,"over""",2
3825,overactivity,2
3828,overlap,2
3829,overlapping,2
3830,overlaps,2
3831,overstability,2
3842,p=0,2
3844,pair,2
3852,pannunzi@gmail,2
3857,parahippocampal,2
3870,parks,2
3872,partial,2
3873,partially,2
3882,partners,2
3893,pathway,2
3903,peak,2
3914,perceptually,2
3919,performances,2
3922,performs,2
3925,periodic,2
3926,periodicals,2
3948,phase-locking,2
3949,phase-patterns,2
3954,phenomenal,2
3961,phonemic,2
3967,pi,2
3968,picture,2
3978,plan,2
3981,planning,2
3984,platform,2
3993,plenz,2
3998,points,2
3999,poisson,2
4003,policlinic,2
4008,ponce@upf,2
4011,pooled,2
4024,positions,2
4026,positively,2
4043,postsynaptic,2
4044,posttraining,2
4050,power-law,2
4052,pp,2
4056,pre-,2
4060,preceding,2
4070,predicting,2
4079,preferred,2
4083,prelexical,2
4097,preserved,2
4099,presumed,2
4102,preterm,2
4108,preview,2
4114,primates,2
4119,prior,2
4132,problems,2
4133,procedure,2
4138,processed,2
4148,profile,2
4152,progress,2
4179,protocol,2
4182,proven,2
4193,psychedelic,2
4207,psychotherapy,2
4208,psychotic,2
4209,pt,2
4213,pure,2
4215,put,2
4220,pythagorean,2
4221,qualitative,2
4225,quantifies,2
4226,quantify,2
4229,quantities,2
4240,race,2
4247,random-dot,2
4250,randomness,2
4265,rats,2
4271,re-organization,2
4284,reason,2
4288,receive,2
4290,receiving,2
4297,recherche,2
4300,recognized,2
4302,reconfigurations,2
4304,reconstructed,2
4311,recovering,2
4317,red,2
4319,reduce,2
4322,reducing,2
4328,refers,2
4337,regarding,2
4339,"regime""",2
4343,regional,2
4347,regularity,2
4348,regulate,2
4352,rehabilitation,2
4360,relations,2
4377,relies,2
4386,remitted-mdd,2
4396,repeating,2
4401,replicated,2
4409,representational,2
4411,representative,2
4412,represented,2
4417,reproducing,2
4418,repulsive,2
4429,resemble,2
4445,responsible,2
4452,restoration,2
4470,reverse,2
4471,reversed,2
4480,reward-based,2
4481,rewarded,2
4484,rhythms,2
4486,rich-club,2
4490,ricovero,2
4505,road,2
4506,robarts,2
4525,royal,2
4528,rsn,2
4531,rudolf,2
4532,rue,2
4540,s),2
4541,s/n,2
4542,s1,2
4546,salience,2
4547,saliency,2
4549,salud,2
4556,santa,2
4559,sapienza,2
4567,scale-free,2
4575,scanning,2
4576,scans,2
4587,schizophrenia),2
4592,scientifico,2
4593,scores,2
4606,seconds,2
4611,seen,2
4613,segregate,2
4624,selectively,2
4637,senden@maastrichtuniversity,2
4639,sense,2
4645,sensor,2
4647,sensorimotor,2
4648,sensors,2
4654,separated,2
4658,separation,2
4686,shaping,2
4687,share,2
4704,shorter,2
4716,sign,2
4718,signal-to-noise,2
4723,signals),2
4724,signature,2
4729,signs,2
4735,similarly,2
4754,single-neuron,2
4756,single-subject,2
4761,situations,2
4762,six,2
4764,sizes,2
4765,skeleton,2
4768,sl,2
4772,sliding,2
4777,sloppy,2
4800,solving,2
4809,sought,2
4827,sparsely,2
4828,sparseness,2
4840,species,2
4852,spent,2
4860,spikes,2
4884,start,2
4888,state-dependent,2
4889,"state""",2
4905,stem,2
4906,stemme@psy,2
4910,stiff,2
4918,stimulus-dependent,2
4919,stimulus-driven,2
4920,stimulus-evoked,2
4922,stimulus-response,2
4927,storage,2
4928,store,2
4934,strategy,2
4936,streams,2
4941,stress,2
4948,strokes,2
4958,structures,2
4969,subject-specific,2
4970,subject-verb-object,2
4979,subset,2
4980,subsets,2
4981,substantial,2
4984,substrate,2
4987,subsystems,2
4988,subthalamic,2
5002,suggestive,2
5005,suited,2
5009,summation,2
5010,sunyer,2
5011,supercritical,2
5019,supporting,2
5029,surrogate,2
5031,surrounding,2
5059,systèmes,2
5061,t,2
5078,task-evoked,2
5079,task-irrelevant,2
5100,temporally,2
5104,tend,2
5106,tendency,2
5109,tensors,2
5115,"test""",2
5116,testable,2
5119,tests,2
5129,theme,2
5137,theoretically,2
5155,thoroughly,2
5159,thoughts,2
5173,time-delayed,2
5174,time-dependent,2
5178,time-series,2
5184,timing-dependent,2
5187,tissue,2
5190,tms,2
5194,too,2
5208,topologies,2
5211,total,2
5212,touch,2
5220,tracts,2
5226,trained,2
5253,trends,2
5256,trial-by-trial,2
5265,truly,2
5276,turned,2
5280,twins,2
5292,ucl,2
5304,unchanged,2
5307,uncover,2
5317,undergoing,2
5329,unexplored,2
5331,uni-muenchen,2
5338,uninstructed,2
5339,unique,2
5340,uniquely,2
5349,universiteit,2
5358,unstable,2
5373,users,2
5380,utilize,2
5382,utrecht,2
5388,v4,2
5389,valdecilla,2
5391,validated,2
5392,validity,2
5393,valuable,2
5398,van,2
5402,variables,2
5415,vary,2
5416,varying,2
5418,velocity,2
5420,venice,2
5422,ventromedial,2
5431,vertices,2
5439,vibratory,2
5453,vision,2
5459,vital,2
5465,volume,2
5468,volume),2
5469,volumes,2
5472,vpl,2
5473,vpl),2
5474,vrije,2
5479,w,2
5490,wave,2
5505,weakly,2
5508,weights,2
5513,western,2
5528,whole-seizure,2
5536,wiley,2
5538,wilson-cowan,2
5545,wins,2
5549,wisconsin-like,2
5577,yields,2
5585,zero-lag,2
5588,zurich,2
3,#NAME?,1
4,#NAME?,1
5,#NAME?,1
7,-r,1
10,"""attentive""",1
12,"""bottom-up""",1
13,"""carry",1
14,"""color",1
15,"""delayed-match-to-sample""",1
16,"""desynchronized""",1
17,"""falls",1
18,"""g",1
19,"""invert""",1
20,"""inverting""",1
21,"""magic",1
22,"""network",1
24,"""partial",1
26,"""preattentive""",1
27,"""primitive",1
28,"""rest",1
29,"""rest""",1
31,"""selective",1
32,"""simulation",1
33,"""spiking",1
35,"""stroop""",1
36,"""sub-threshold""",1
37,"""sweet",1
38,"""take",1
39,"""the",1
40,"""top-down""",1
41,"""vertical""",1
42,"""what""",1
43,"""what""-then-""where""",1
44,"""where""",1
45,"""whole-system""",1
48,"(""bursts",1
49,"(""communities"")",1
50,"(""degenerate"")",1
51,"(""dynamical",1
52,([formula,1
54,(>50 hz),1
55,(>80,1
56,(~1,1
57,(~15%,1
58,(~3%,1
59,(~8-30,1
60,(≥2,1
61,(0-5s),1
62,(1-4,1
64,(1)1,1
65,(1)behavioural,1
66,(1)catalan,1
68,(1)cognitive,1
70,(1)corporate,1
72,(1)fetal,1
73,(1)from,1
74,(1)icrea,1
76,(1)instituciò,1
77,(1)institute,1
78,(1)n3,1
80,(1)parc,1
81,(1)school,1
84,(1)unidad,1
87,(1)wellcome,1
88,(10)10,1
90,(10)faculty,1
91,(10)icvs/3b,1
93,(10)school,1
94,(100%,1
95,(11)center,1
96,(11)clinical,1
98,(11)the,1
99,(11)university,1
100,(12)center,1
101,(12)centro,1
103,(12)institució,1
104,(12)institute,1
105,(12)semel,1
106,(13)center,1
108,(13)institut,1
109,(13)max,1
110,(14)department,1
112,(14)instituci,1
113,(15)center,1
115,(16)departments,1
116,(16)institució,1
117,(16)school,1
119,(18)neuroradiology,1
120,(18)school,1
121,(19)neurovascular,1
122,(2,1
124,(2)2,1
125,(2)bernstein,1
127,(2)centro,1
129,(2)fetal,1
130,(2)institucio,1
132,(2)institut,1
133,(2)institute,1
134,(2)national,1
135,(2)quantitative,1
137,(2)sobell,1
138,(2)unit,1
139,(2)universitat,1
140,(20-70hz),1
141,(2004)neuron,1
142,-2005,1
143,(24,1
144,(2ca-braga),1
146,(3)1],1
147,(3)3,1
148,(3)brain,1
150,(3)cognitive,1
153,(3)institució,1
154,(3)institut,1
155,(3)life,1
157,(3)max-planck,1
158,(3)neuroimaging,1
159,(3)norment,1
160,(3)oxford,1
161,(3)psychedelic,1
162,(3)rotman,1
163,(3)university,1
165,(4,1
166,-4,1
167,(4)4,1
169,(4)centre,1
171,(4)epilepsy,1
172,(4)institut,1
173,(4)key,1
174,(4)life,1
175,(4)max,1
176,(4)neurobiology,1
177,(4)nuffield,1
178,(4)oxford,1
181,(5,1
182,(5-10,1
183,(5)5,1
184,(5)barcelonabeta,1
188,(5)functional,1
189,(5)icrea,1
190,(5)icvs/3b,1
191,(5)institució,1
192,(5)institut,1
194,(5)max,1
195,(5)nuffield,1
196,(5)psychedelic,1
197,(5)research,1
198,(5)turner,1
199,(6,1
200,-6,1
201,(6)6,1
203,(6)centro,1
204,(6)clinical,1
206,(6)fetal,1
208,(6)semel,1
209,(6)unit,1
210,(7)7,1
211,(7)aix,1
214,(7)institute,1
215,(7)max,1
216,(7)medical,1
217,(7)school,1
218,(7)universitat,1
219,(7)wellcome,1
220,(8-12,1
221,(8-20hz),1
222,(8)8,1
224,(8)centro,1
226,(8)departments,1
228,(8)institut,1
229,(8)institute,1
230,(8)life,1
231,(8)max-planck,1
232,(8)neurobiology,1
233,(9)9,1
236,(9)life,1
237,(9)lysholm,1
240,(abide),1
241,(across,1
242,(ad),1
243,(am),1
244,(amongst,1
245,(ampa),1
246,(and,1
249,(average,1
250,(aβ1 - 42),1
251,(b,1
253,(bcw),1
254,(bd),1
255,(beggs,1
256,(better),1
257,(bfs),1
259,(bottom-up),1
261,(breakspear,1
263,(cbcs),1
264,(cdic),1
267,(ciber-bbn),1
268,(ciber-er),1
269,(cibersam),1
270,(corrected,1
271,(correlation,1
272,(critical,1
273,(csd),1
274,(csds),1
275,(ctc),1
276,(cv~0,1
277,(cv~0),1
278,(cv~1),1
279,(d,1
280,(dbs),1
281,(ddm),1
282,(de-)synchronization,1
283,(dehaene,1
284,(deltaf),1
285,(dfc),1
286,(dmf),1
288,(doi,1
289,(down,1
290,(during,1
291,(dynamical,1
295,(effective),1
297,(encompassing,1
299,(ept),1
300,(ewmc),1
302,(falling,1
304,(fc)-have,1
305,(fcd)),1
307,(focused,1
309,(formed,1
310,(fully),1
311,(functional,1
313,(gaba)-receptor,1
314,(gamma-aminobutyric,1
315,(gamma-band),1
316,(girona,1
317,(gre),1
318,(hcp),1
320,(hpa),1
321,(hubs),1
322,(huxlin,1
326,(ibub),1
329,(idi),1
331,(ieeg),1
335,(implicitly),1
336,(in,1
337,(in)homogeneity,1
338,(including,1
339,(inferior,1
340,(inm-1),1
341,(inserm),1
342,(insis),1
343,(instantaneous,1
344,(it),1
348,(k,1
349,(knaw),1
350,(ldt),1
351,(left,1
353,(linking,1
355,(lsd),1
357,(mci),1
360,(mean-field,1
361,(measured,1
363,(meta-analysis,1
364,(metastable,1
366,(mkl),1
367,(mmn),1
368,(mou,1
369,(mou),1
370,(mpc),1
371,(mt),1
372,(muscarinic),1
374,(n = 14),1
375,(n = 38),1
376,(n-methyl-d-aspartate),1
377,(n=27,1
378,(n=96,1
379,(nbrc),1
380,(nmda,1
381,(nmda),1
382,(nodes),1
383,(nonstationary),1
384,(ns),1
385,(numerical),1
386,(object,1
387,(ocd),1
389,(p,1
391,(p-tau),1
393,(pad),1
394,(partial,1
395,(partial),1
396,(partially),1
397,(pathoconnectomics),1
398,(pbd),1
399,(pcc),1
400,(pd),1
402,(pfc,1
404,(phoneme),1
405,(pl,1
406,(pnc),1
407,(pofc),1
408,(posterior,1
410,(probably,1
411,(r=0,1
412,(rdm),1
413,(reflecting,1
414,(romo,1
417,(rsfmri),1
420,(s1,1
421,(s1),1
423,(sdk),1
424,(sfc),1
425,(sharp-waves),1
426,(sigala,1
427,(similar,1
428,(sl),1
429,(small,1
430,(snn),1
431,(soz),1
433,(static),1
434,(std),1
436,(stn),1
437,(stronger),1
439,(superior,1
440,(t-tau),1
441,(temporal,1
442,(tens,1
443,(the,1
444,(top-down),1
445,(trends,1
446,(umr),1
448,(up,1
449,(used,1
451,(v1,1
452,(v4,1
453,(var,1
454,(ventral,1
455,(vfc),1
456,(vpc),1
457,(vpl,1
458,(wakefulness,1
459,(watanabe,1
460,(wcst),1
461,(which,1
462,(wilson-cowan),1
463,(with,1
464,(β=-2,1
466,[1-3],1
467,[11-13],1
468,[14,1
469,[16-19],1
470,[2],1
471,[20-22],1
472,[23],1
473,[24-26],1
474,[27],1
475,[4,1
476,[6-8],1
477,[9,1
478,[ca(2+)],1
479,[corrected],1
480,[corrected]increases,1
481,[de,1
482,[lexical,1
483,[romo,1
484,[the,1
485,[watson,1
486,/e/,1
487,/e/-->/epsilon/,1
488,/e/-/epsilon/,1
489,/e/-category,1
490,/epsilon/,1
491,/epsilon/-->/e/,1
492,/epsilon/-words,1
494,&institute,1
495,#1200,1
498,×,1
499,< 27 weeks,1
501,<1m/s,1
503,>,1
505,0,1
506,0,1
507,001),1
511,01),1
512,01hz),1
513,2,1
514,02),1
516,424,1
518,6511,1
519,8002,1
524,8028,1
526,0nn,1
528,01-Feb,1
531,10 years,1
532,10-Dec,1
533,10],1
534,10%),1
535,100,1
536,100 ms,1
537,10027,1
538,1007/s11571-010-9134-9),1
539,10099,1
542,10115,1
545,1018,1
546,104,1
548,10g,1
550,11,1
551,1105ba,1
553,1161,1
554,117,1
557,12hz,1
562,1400-038,1
564,149-153,1
566,15],1
567,150,1
568,165-173],1
569,166,1
570,1698-1703],1
573,170,1
575,18%,1
576,180,1
577,19,1
578,19/21,1
579,190,1
580,1990s,1
581,1997,1
585,2-,1
586,02-Mar,1
587,02-Aug,1
590,20 min,1
591,2001,1
593,2002,1
594,2002),1
595,2003,1
596,2004),1
597,2005],1
598,2006,1
600,2008],1
601,2009),1
602,2010),1
604,20122,1
605,2013),1
607,2019,1
608,2020,1
610,208,1
612,221,1
615,240-255,1
619,26,1
620,26),1
621,268-274,1
623,28,1
624,28007,1
625,29,1
626,2918-2930,1
628,2jd,1
629,2tt,1
631,3-s,1
632,3),1
633,300 ms,1
636,31,1
637,318-320,1
638,32-44,1
641,3508,1
642,36,1
643,36),1
644,37,1
645,38,1
647,39008,1
648,394,1
649,3981-3991,1
651,3d,1
652,3ph,1
653,3ud,1
655,4-alternative,1
656,4),1
657,40,1
658,40-hz,1
659,400 ms,1
660,41,1
661,413,1
662,415,1
663,44,1
666,473,1
668,49,1
670,5 hz),1
671,5 s,1
672,5-15m/s,1
674,5]-particularly,1
676,500,1
677,50018,1
678,51,1
680,53702,1
682,54,1
685,60528,1
689,643,1
690,66,1
691,66013,1
692,66100,1
693,67,1
694,68,1
695,68%,1
697,7000,1
702,76-94,1
703,77030,1
704,78,1
707,Aug-30,1
708,80%,1
710,8057,1
711,81739,1
712,844-884,1
713,85,1
714,88,1
717,90-122],1
718,90),1
719,90024,1
726,abilities,1
730,abnormalities,1
731,abort,1
732,abound,1
735,above-mentioned,1
737,absence),1
738,absolute,1
739,abstract,1
743,acceptance,1
745,accessibility,1
748,accompanying,1
749,accomplished,1
756,accumulating,1
757,accumulation,1
762,achievable,1
764,achievements,1
766,acid),1
767,acquire,1
768,acquired,1
769,acquisition,1
771,across-trial,1
772,act,1
773,acting,1
778,activates,1
785,activity-modulation,1
786,activity?,1
792,adaptation-related,1
793,adapted,1
794,adapting,1
795,adaptive,1
797,adapts,1
798,added,1
799,addiction,1
802,additionally,1
804,addressable,1
806,addresses,1
807,adequacy,1
809,adolescence,1
810,adolescent,1
811,adopt,1
814,adults,1
816,advances,1
819,adverse,1
820,adversity,1
821,advice,1
822,aetiology,1
826,affective,1
830,affirmed,1
832,aftereffects,1
833,afterhyperpolarization,1
838,age-,1
840,agents,1
842,ago,1
843,agree,1
845,agrees,1
846,aiguader,1
848,aimed,1
849,aims,1
853,albantakis@wisc,1
856,alberta,1
860,algorithms,1
863,alleviation,1
864,allocated,1
869,almeida@upf,1
874,alpha-,1
875,alpha-amino-3-hydroxy-5-methyl-4-isoxazolepropionic,1
876,alpha-amino-3-hydroxy-5-methylisoxazole-4-propionate,1
878,alpha-beta,1
879,alpha-like,1
880,alpha-oscillations,1
881,alpha-state-dependent,1
885,alteration,1
889,alternated,1
890,alternates,1
896,alto,1
898,always,1
901,amalgamate,1
903,amenable,1
905,amongst,1
908,ampa-to-nmda,1
914,amyloid-beta,1
927,anatomically,1
936,angular,1
939,annual,1
940,"annunzio""",1
942,answer,1
943,anterior,1
944,anti-correlations,1
945,anticorrelated,1
946,anticorrelation,1
947,antidepressant-free,1
948,antropología,1
951,apart,1
955,appealing,1
957,appearance,1
959,applicability,1
960,applicable,1
964,applies,1
970,approaching,1
972,approximate,1
973,approximately,1
975,arbitrary,1
976,architectural),1
982,areas-important,1
983,arena,1
984,arguably,1
986,argued,1
987,argument,1
990,arising,1
991,arm,1
992,arose,1
994,arousal,1
995,arousal-promoting,1
996,arousals,1
998,arrangement,1
1001,arrive,1
1007,asked,1
1008,"asleep""",1
1012,assembly,1
1015,assessment,1
1016,asset,1
1017,assigned,1
1018,assigns,1
1021,associates,1
1025,associatively,1
1031,astonishingly,1
1036,atasoy@psych,1
1037,atlanta,1
1038,attachment,1
1039,attempt,1
1044,attention-induced,1
1045,attention-mediated,1
1046,"attention""",1
1049,attracted,1
1050,attracting,1
1058,attuned,1
1059,auckland,1
1060,audio,1
1061,audio-tactile,1
1062,audiotactile,1
1068,authorized,1
1072,autocorrelations,1
1073,autocovariance,1
1074,automated,1
1077,autonoma,1
1079,availability,1
1086,ave,1
1089,average-reference,1
1091,averages,1
1092,avoids,1
1095,axial,1
1096,axis,1
1097,axonal,1
1098,axonal/synaptic,1
1102,b15,1
1106,backprojections,1
1112,band-limited,1
1116,barriers,1
1120,baseline,1
1124,basque,1
1126,bayes-optimal,1
1137,began,1
1138,begin,1
1139,behave,1
1148,behaviours,1
1155,below,1
1160,besides,1
1162,beta,1
1163,beta-frequency,1
1164,beth,1
1175,bicuculline,1
1177,bilateral,1
1182,bind,1
1185,bio-inspired,1
1186,bioingeniería,1
1190,biologically-based,1
1196,biomédicas,1
1198,biomediques,1
1199,biomèdiques,1
1207,bit,1
1208,bivalent,1
1209,blank,1
1210,blind,1
1211,blocked,1
1212,blocks,1
1214,blood-oxygen-level-dependent,1
1215,bns),1
1221,border,1
1227,boulevard,1
1228,boundary,1
1229,bournemouth,1
1234,brain-damaged,1
1236,brains,1
1238,breakdown,1
1239,breathing),1
1243,bringing,1
1244,brink,1
1246,broaden,1
1247,broadly,1
1248,broadness,1
1249,brownian,1
1253,build-up,1
1256,burden,1
1257,bursting,1
1262,c/doctor,1
1263,c/dr,1
1264,c/poeta,1
1265,c/roc,1
1266,c/rosselló,1
1267,c/villarroel,1
1269,ca(2+)-activated,1
1271,calculate,1
1273,calgary,1
1275,calle,1
1278,camp,1
1281,candidate,1
1283,canonical,1
1293,capturing,1
1296,cardiology,1
1297,carefully,1
1300,carrier,1
1302,carries,1
1304,cascade,1
1306,cases,1
1307,cat,1
1310,catalan-dominants,1
1311,catalan-spanish,1
1313,categorical,1
1316,categorizations,1
1317,categorize,1
1318,categorized,1
1319,categorizes,1
1321,category-selective,1
1322,cats,1
1324,causality,1
1325,causally,1
1334,centralising,1
1336,centrally,1
1341,ch,1
1343,challenged,1
1347,chance,1
1351,changeux,1
1353,channel,1
1354,channels,1
1357,characterisation,1
1368,chieti-pescara,1
1372,choice-alternatives,1
1373,choice-number-independent,1
1378,churchland,1
1379,científic,1
1381,cingulum,1
1383,circuit-level,1
1384,circuitry,1
1387,circumval-lació,1
1388,circumvallació,1
1401,clínico,1
1404,closer,1
1405,closure,1
1407,club-has,1
1408,clues,1
1409,cluster,1
1413,cluttered,1
1414,cn,1
1417,co-occur,1
1418,co-occurrence,1
1419,co-vary,1
1422,coded,1
1425,"coding""",1
1426,coefficient,1
1428,coexisting,1
1429,cogent,1
1433,coherences,1
1435,coherent),1
1436,coherently,1
1438,collaborative,1
1439,collateral,1
1441,collection,1
1444,columbia,1
1445,columns,1
1455,commensurate,1
1456,comment,1
1459,communicability,1
1465,community,1
1467,comparatively,1
1472,comparisons,1
1474,compensate,1
1475,compensatory,1
1476,compete,1
1480,complement,1
1482,complemented,1
1483,complements,1
1484,complete,1
1485,completely,1
1486,completion,1
1489,complicates,1
1492,comprehension,1
1493,comprehensive,1
1494,comprise,1
1503,comunicacions,1
1504,concatenated,1
1508,conceptually,1
1509,concerned,1
1516,concrete,1
1520,conduct,1
1521,conductance,1
1522,conductance-based,1
1524,conducted,1
1526,conduction/computation,1
1528,configuration,1
1533,conflict,1
1535,conformance,1
1536,congruency,1
1540,connectedness,1
1541,connecticut,1
1542,connecting,1
1548,connectome-based,1
1549,connectome-harmonic,1
1554,consecutive,1
1559,considerate,1
1560,considerations,1
1564,consist,1
1574,constants,1
1575,constitute,1
1576,constitutes,1
1579,constraining,1
1581,constraint,1
1586,contain,1
1587,containing,1
1589,contamination,1
1590,contemplative,1
1595,context-sensitive,1
1596,contingent,1
1597,continual,1
1599,continues,1
1600,continuing,1
1603,continuum,1
1604,contradict,1
1605,contradictory,1
1606,contralesional,1
1607,contralesioned,1
1609,contrasted,1
1610,contrasts,1
1612,contributed,1
1613,contributes,1
1618,control-with,1
1619,"control""",1
1620,controlling,1
1622,controversial,1
1623,convenient,1
1626,conversions,1
1627,converted,1
1629,cooperative,1
1630,coordinate,1
1632,coordinates,1
1635,corchs@mchp,1
1637,cornell,1
1643,correlating,1
1646,correlational,1
1652,corroborated,1
1653,corrupted,1
1655,cortex),1
1659,cortico-cortically,1
1660,corticocortical,1
1661,cost,1
1663,counteracted,1
1664,counterintuitive,1
1665,countermanding,1
1666,couple,1
1672,covaried,1
1673,covaries,1
1676,cover,1
1679,covertly,1
1681,cplin@ym,1
1682,creating,1
1683,creation,1
1685,criterion,1
1689,criticized,1
1690,critiques,1
1691,cross-inhibition,1
1693,cross-modular,1
1694,cross-temporal,1
1695,cross-validation,1
1696,crossvalidated,1
1700,cruzat@upf,1
1704,ct,1
1705,ctc,1
1709,culminate,1
1719,cutaneous,1
1722,cycles,1
1724,daffertshofer@vu,1
1725,daily,1
1728,damaging,1
1730,daniel,1
1733,data-analysis,1
1735,datasets,1
1737,daydreaming,1
1738,dbatalle@clinic,1
1740,dbs-induced,1
1742,ddm,1
1744,de-prioritised,1
1745,de-synchronization,1
1746,deaconess,1
1747,deactivate,1
1749,deadlock,1
1750,deal,1
1751,deals,1
1755,decay,1
1756,decays,1
1757,decide,1
1760,decision-making-like,1
1761,decision-making-related,1
1764,decline,1
1765,declines,1
1766,deco,1
1767,deco@mchp,1
1769,decode,1
1772,decomposed,1
1774,decorrelation,1
1775,decoupling,1
1784,default-mode),1
1788,defines,1
1790,deflections,1
1792,degrees,1
1799,delays),1
1800,deliberative,1
1801,delivered,1
1804,deltai,1
1805,delusions,1
1806,dementia,1
1807,demirtas@yale,1
1811,demonstrating,1
1812,den,1
1815,densities,1
1817,density),1
1818,dental-retroflex,1
1819,departament,1
1820,departamento,1
1823,departmet,1
1826,dependency,1
1830,depict,1
1835,derivation,1
1836,derivative,1
1837,derive,1
1847,descriptor,1
1849,desirable,1
1850,desired,1
1852,destabilization,1
1853,destabilized,1
1855,destabilizing,1
1856,destroyed,1
1857,desynchronization,1
1858,desynchronize,1
1866,detectors,1
1868,determinant,1
1872,determines,1
1875,detrimental,1
1876,déu,1
1882,developmental,1
1883,developments,1
1884,deviations,1
1885,devised,1
1886,devoted,1
1890,diagnòstic,1
1891,diagnóstico,1
1892,diagonal,1
1893,dialect,1
1895,diameter,1
1896,dichotomy,1
1898,diethylamide,1
1900,differed,1
1905,"differential""",1
1906,differentiate,1
1907,differentiating,1
1908,differently,1
1911,difficulties,1
1915,diluted,1
1919,dimensions),1
1921,diminishes,1
1922,dipanjan@cbcs,1
1926,direction-discrimination,1
1928,directionally,1
1930,discard,1
1933,discipline,1
1935,disconnection-related,1
1938,discover,1
1946,discriminating,1
1948,discuss,1
1949,discussed,1
1952,discussions,1
1957,disperse,1
1958,dispersion,1
1960,displayed,1
1963,disregarding,1
1964,disrupted,1
1966,dissipate,1
1968,dissolving,1
1971,distinction,1
1972,distinctive,1
1974,distinguished,1
1975,distinguishes,1
1980,divergent,1
1981,diverging,1
1984,dividing,1
1987,dk,1
1991,dmn-unitarily,1
1992,dna,1
1994,documented,1
1996,dogs,1
1997,doing,1
1999,domain-general,1
2001,domains),1
2004,dominated,1
2007,dopaminergic,1
2009,dorsally,1
2010,dots,1
2012,downregulates,1
2013,downstream,1
2014,downward,1
2016,dramatic,1
2017,draw,1
2018,drawing,1
2019,draws,1
2023,drives,1
2024,driving,1
2025,drug,1
2026,drug-resistant,1
2027,dti/dsi,1
2028,dti/dsi-(diffusion,1
2035,dyes,1
2039,dynamicals,1
2041,dynamics),1
2042,dysfunction,1
2043,dysfunctions,1
2046,earlier,1
2048,early-onset,1
2054,école,1
2055,edgbaston,1
2057,edge-vertices,1
2062,education,1
2064,eeg),1
2074,eigenvector,1
2076,elaborate,1
2077,elaborating,1
2081,electroencephalographic,1
2083,electromagnetic,1
2086,electrophysiology,1
2087,elegans,1
2088,element,1
2089,elementary,1
2092,elicit,1
2094,eliciting,1
2095,eliminating,1
2097,elucidated,1
2098,elucidates,1
2099,eluded,1
2101,embed,1
2103,emerged,1
2108,emory,1
2109,emotion,1
2110,emotion-related,1
2112,emotions,1
2115,emphasizes,1
2116,emphasizing,1
2121,employing,1
2126,encephalography,1
2129,encodes,1
2131,encoding),1
2132,encompass,1
2133,encompasses,1
2134,encouraged,1
2137,endowing,1
2139,engage,1
2142,england,1
2143,english),1
2147,enlarging,1
2149,ens,1
2150,ensemble,1
2152,enslave,1
2153,ensuing,1
2154,ensuring,1
2155,entering,1
2157,entitled,1
2158,entrainment,1
2161,entry,1
2166,envision,1
2167,epigenetic,1
2168,epigenetically,1
2169,epilepsies,1
2171,epileptic,1
2173,epiphenomenon,1
2174,episodes,1
2175,episodes),1
2178,ept-born,1
2179,equal,1
2180,equally,1
2183,equipped,1
2184,equivalent,1
2185,equivalently,1
2187,equivocal,1
2188,era,1
2193,escaping,1
2195,esquerdo,1
2196,esquillor,1
2198,essentially,1
2201,establishes,1
2205,estimating,1
2210,eth,1
2211,etiology,1
2213,eudaimonia,1
2215,euthymic,1
2218,evaluating,1
2221,event,1
2222,event-related,1
2224,eventually,1
2225,ever-changing,1
2226,ever-more,1
2230,evidences,1
2232,evoke,1
2235,evolved,1
2237,evolving,1
2238,exact,1
2243,examples,1
2244,excess,1
2247,excitabilities),1
2249,excitable,1
2253,excite,1
2254,excites,1
2258,exemplified,1
2259,exhausted,1
2262,exhibiting,1
2267,exists,1
2270,expanding,1
2272,expectation,1
2275,expense,1
2280,experimentalists,1
2282,experimentally),1
2283,experimentation,1
2287,explaining,1
2290,explanations,1
2293,exploit,1
2295,explorations,1
2303,exposures,1
2304,expressed,1
2305,expressing,1
2310,extensions,1
2316,extra,1
2317,extract,1
2318,extracted,1
2320,extraordinary,1
2321,extrastriate,1
2322,extremely,1
2323,extrinsic,1
2325,eyes,1
2330,facilitated,1
2331,facilitates,1
2332,facilitating,1
2338,facultad,1
2339,faculté,1
2340,faculties,1
2342,failure,1
2343,fairly,1
2344,familial,1
2345,fannin,1
2346,fano,1
2351,fast-paced,1
2355,favoring,1
2357,fcd,1
2358,fcs,1
2360,feasibility,1
2361,featural,1
2364,feature-independent,1
2367,"features""",1
2369,feed-back,1
2372,feedback-feedforward,1
2373,feedback-mediated,1
2375,feedforward-feedback,1
2376,fef),1
2377,fertile,1
2381,fibers,1
2382,fibre,1
2387,final,1
2394,fingerprint,1
2395,fingertip,1
2396,finishes,1
2399,finite-sized,1
2400,fire,1
2401,fired,1
2406,fits,1
2413,flourishing,1
2415,fluctuate,1
2416,fluctuates,1
2417,fluctuation,1
2420,flutter,1
2422,fns,1
2425,focusing,1
2426,fokker-planck,1
2428,follow-up,1
2429,followed,1
2431,follows,1
2436,forcing,1
2437,forearm,1
2440,formalism,1
2441,formalize,1
2442,formalized,1
2443,formally,1
2444,format,1
2446,formats,1
2452,formulations,1
2453,forthcoming,1
2455,forward-coupled,1
2459,four-variable,1
2462,foveal,1
2463,fr,1
2464,fraction,1
2467,francesco,1
2470,freely,1
2474,frequency-selective,1
2475,frequency-specific,1
2476,frequent,1
2478,fresh,1
2481,frontier,1
2482,fronto-parietal,1
2486,full-term,1
2490,functionalities,1
2495,fundamentally,1
2497,furthered,1
2499,fusiform,1
2502,ga,1
2504,gaba-mediated,1
2505,gaba),1
2506,gabaaergic,1
2507,gabaergic,1
2509,gained,1
2510,game?,1
2512,gamma-aminobutyric,1
2513,gamma-frequency,1
2515,gap,1
2516,gated,1
2518,gaussian,1
2519,gender-matched,1
2522,generalise,1
2523,generalizability,1
2524,generalizable,1
2525,generalize,1
2526,generalized,1
2527,generalizes,1
2528,generally,1
2531,generates,1
2532,generating,1
2535,generic,1
2539,geometrical,1
2540,georgia,1
2543,gerstner@epfl,1
2544,gestation,1
2545,getting,1
2546,ggz,1
2552,gives,1
2555,glimpse,1
2557,global-precedence,1
2564,goals,1
2573,gradiometer,1
2578,granda,1
2579,granger,1
2582,graph-like,1
2583,graph-theoretic,1
2584,graph-theoretical,1
2585,graphs,1
2587,great,1
2589,greatly,1
2590,green,1
2591,grey,1
2593,grounding,1
2598,guide,1
2599,guided,1
2601,gyri,1
2604,hagmann,1
2607,hallmarks,1
2608,hallucinations,1
2612,handled,1
2613,hardware,1
2616,harvard,1
2617,haryana,1
2619,haus,1
2621,haven,1
2628,heidelberg,1
2630,heightened,1
2633,helpful,1
2634,helps,1
2639,here-derived,1
2640,heterogeneity,1
2642,heterogeneously,1
2643,hiding,1
2646,hierarchies,1
2649,high-amplitude,1
2650,high-dimensional,1
2655,higher-rate,1
2659,highlighting,1
2662,hindered,1
2663,hindi,1
2664,hints,1
2667,historically,1
2669,history-dependence,1
2670,history-dependent,1
2671,history-monitoring,1
2672,hitherto,1
2673,hoc,1
2674,hold,1
2676,holistic,1
2682,hopping,1
2683,horizontal,1
2685,hospital-instituto,1
2686,hospitalet,1
2687,host,1
2688,hosts,1
2689,hotchkiss,1
2690,hours,1
2696,hubs-referred,1
2697,hum,1
2700,humboldt,1
2702,hundred,1
2704,hypermethylation,1
2705,hypomethylated,1
2706,hypothalamic-pituitary-adrenal,1
2716,ic,1
2717,icahn,1
2719,icon-selection,1
2720,icons,1
2723,ideal,1
2724,ideally,1
2725,ideas,1
2726,identifiable,1
2729,identifies,1
2732,identity,1
2734,idival,1
2737,ignitory,1
2739,ignoring,1
2740,illness,1
2741,illusion,1
2743,illustrated,1
2744,illustrates,1
2746,imagen,1
2747,images,1
2749,imaging-based,1
2750,imaging-constrained,1
2751,imaging)based,1
2752,imaging/diffusion,1
2753,imatge,1
2754,imbalances,1
2756,immersive,1
2765,implementations,1
2769,implication,1
2771,implicit,1
2772,implicitly,1
2774,imply,1
2775,implying,1
2779,imposed,1
2780,imposes,1
2781,impossible,1
2784,improvement,1
2787,impulse,1
2788,impulsive,1
2790,in-scanner,1
2791,in-vitro,1
2792,in-vivo,1
2793,inaccurate,1
2794,inactivation-based,1
2795,inadequate,1
2799,includes,1
2802,incompletely,1
2803,inconsistent,1
2805,incorporated,1
2807,incorporating,1
2808,incorrect,1
2815,independently,1
2816,index,1
2822,indicative,1
2823,indicators,1
2825,individuals,1
2826,individuals),1
2832,inferences,1
2834,inferior),1
2835,infero-temporal,1
2836,inferotemporal,1
2837,inferred,1
2842,inform,1
2843,informació,1
2844,informatics,1
2846,information--is,1
2849,informed,1
2850,informing,1
2851,infusion,1
2852,ingeest,1
2853,ingredient,1
2857,inhibit,1
2858,inhibited,1
2860,inhibition),1
2862,inhibits,1
2864,inhomogeneous,1
2867,initiated,1
2868,initiation,1
2872,inner,1
2873,innovation,1
2877,inquiry,1
2878,ins,1
2879,insensitive,1
2885,insis,1
2886,inspiration,1
2888,inst,1
2892,instances,1
2893,instant,1
2895,instantiating,1
2897,instituci,1
2901,institute),1
2902,institution,1
2903,instituto,1
2904,instrumental,1
2905,insufficiently,1
2906,insula,1
2907,insula/frontal,1
2908,integral,1
2915,integrations,1
2919,intense,1
2920,intensity,1
2921,intensive,1
2923,inter-modular,1
2924,inter-node,1
2925,inter-ns-intervals,1
2926,inter-session,1
2927,inter-subject,1
2932,interactions-only,1
2934,interareal,1
2936,interconnectivity,1
2937,intercortical,1
2938,interdependence,1
2943,interferes,1
2946,intermodular,1
2956,interregional,1
2957,interspersed,1
2958,interstimulus,1
2959,intertrial,1
2961,interval-discrimination,1
2963,intervention,1
2964,interventions,1
2968,intracellularly,1
2969,intracortical,1
2971,intracranially,1
2972,intraparietal,1
2973,intravenous,1
2974,intriguing,1
2979,introduces,1
2981,intuition,1
2982,invariably,1
2983,invasive,1
2987,investigaciones,1
2996,involvement,1
2999,ion,1
3000,ipsilesional,1
3001,iq,1
3004,irrelevant,1
3006,ising,1
3008,israel,1
3014,italian,1
3017,itc),1
3021,itinerancy,1
3022,itinerant,1
3026,japan,1
3027,jean,1
3028,jebsen,1
3029,jianfeng64@gmail,1
3030,jjehee@cvs,1
3033,johan,1
3035,josephine,1
3037,juanitacabral@hotmail,1
3038,judged,1
3039,judgments,1
3040,jülich,1
3041,jump,1
3042,jumping,1
3043,jumps,1
3046,k(+),1
3047,k+,1
3048,keen,1
3050,keeps,1
3051,kept,1
3053,ketamine/medetomidine,1
3055,kg,1
3057,kind,1
3058,kinds,1
3059,king,1
3061,kirkeveien,1
3063,knowing,1
3066,knows,1
3070,kuramoto,1
3076,laciò,1
3077,lacked,1
3078,lacking,1
3079,lafuente,1
3081,lagged),1
3083,laminar-specific,1
3085,langevin,1
3087,language-of-thought,1
3088,languages,1
3096,larsson,1
3097,larsson@gmail,1
3099,lasted,1
3100,late,1
3101,latency,1
3105,latterly,1
3106,lattice),1
3115,leaky,1
3119,learns,1
3124,lengths,1
3126,les,1
3129,lesioning,1
3132,lesser,1
3133,let,1
3136,level-dependent,1
3138,levelt,1
3139,leveraged,1
3140,leveraging,1
3142,lexicon,1
3143,lexicons,1
3146,library,1
3156,likewise,1
3157,limbic,1
3159,limitation,1
3161,limits,1
3162,linden,1
3163,line,1
3165,linearly,1
3170,lisbon,1
3171,list,1
3172,listener,1
3177,lives,1
3178,llobregat,1
3179,lluis,1
3181,llus,1
3183,lobes,1
3184,lobule,1
3185,lobules,1
3187,local-global,1
3188,local/global,1
3195,locked,1
3196,logic,1
3197,logothetis,1
3201,long-distance,1
3202,long-held,1
3203,long-latency,1
3208,longitudinal,1
3209,loosely,1
3211,loss,1
3212,lost,1
3213,lot,1
3216,low-amplitude,1
3217,low-degree,1
3219,low-rate,1
3220,low-resolution,1
3222,lower-dimensional,1
3223,lpfc,1
3226,ludwig-maximilian,1
3228,lyapunov,1
3229,lysergic,1
3231,m-currents,1
3232,m@vila-vidal,1
3233,m/s,1
3234,m/s),1
3241,machine,1
3242,macrocircuits,1
3247,madrid,1
3248,maggiore,1
3250,magneto,1
3251,magnetoencephalogram,1
3252,magnetoencephalographic,1
3253,magnification,1
3260,maintaining,1
3267,mammalian,1
3269,manesar,1
3270,manifested,1
3272,manipulated,1
3273,manipulation,1
3274,manitoba,1
3276,manners,1
3280,mapp,1
3284,maps,1
3286,maragall,1
3288,marginally,1
3289,mariano,1
3293,markedly,1
3294,marker,1
3296,markov,1
3297,marqués,1
3299,marsi,1
3300,marti@upf,1
3301,martinistrasse,1
3302,martinistraße,1
3304,masquelier@alum,1
3306,masses,1
3307,massive,1
3313,materials,1
3316,mathematically,1
3317,mathematics,1
3322,maturation,1
3323,mavritsaki@bham,1
3325,max-planck-institute,1
3327,maximize,1
3328,maximized,1
3334,mean-field-like,1
3335,meaning,1
3336,meaningful,1
3344,measuring,1
3345,mechanical,1
3348,mechanisms),1
3350,médecine,1
3352,mediate,1
3354,mediates,1
3357,médicale,1
3360,meditator,1
3362,meeting,1
3365,membrane,1
3367,memorization,1
3369,memory-related,1
3371,mentioned,1
3372,mercè,1
3373,mere,1
3374,merge,1
3375,merging,1
3379,metacognitive,1
3383,methodological,1
3384,methodologically,1
3391,mi),1
3392,micro-,1
3393,microcircuit,1
3394,microcolumns,1
3397,mid,1
3400,milan,1
3401,milano,1
3403,millimeters,1
3404,mimicked,1
3405,mimicking,1
3406,mimics,1
3408,mind-changing,1
3411,minimalistic,1
3413,ministry,1
3414,minute,1
3416,misinterpretations,1
3417,misleading,1
3418,mispronounced,1
3419,mispronunciations,1
3420,mistakes,1
3421,mit,1
3422,mixing,1
3423,mixte,1
3424,mixtures,1
3425,mm,1
3426,mnemonic,1
3427,mobilization,1
3434,modelled,1
3438,modes-fundamental,1
3439,modifiable,1
3446,modulate,1
3449,modulating,1
3452,modulatory,1
3454,module),1
3456,modus,1
3460,monitored,1
3461,monitoring,1
3464,monosynaptic,1
3465,monotonously,1
3476,motion-discrimination,1
3478,motivating,1
3479,motivation,1
3481,mou,1
3482,mou-ec,1
3483,moulin,1
3484,mount,1
3488,movements,1
3489,moves,1
3492,mpg,1
3495,multi-alternative,1
3496,multi-electrode,1
3497,multi-scale,1
3500,multidisciplinary,1
3502,multineuron,1
3504,multiplicative,1
3505,multiplicative),1
3510,multivalent,1
3511,multivariate,1
3513,murat,1
3515,"mushrooms""",1
3519,mutual-inhibitory,1
3520,mutually,1
3521,myelin,1
3524,n400,1
3526,nakagawa@upf,1
3527,naked,1
3530,nanomedicina,1
3531,narrow,1
3532,narrower,1
3533,nat,1
3540,near-linear,1
3541,near-normal,1
3543,nearly,1
3544,necessarily,1
3552,neglected,1
3553,neighboring,1
3555,neocortex,1
3556,neocortical,1
3558,nesting,1
3559,net,1
3563,network-oriented,1
3564,network-specific,1
3565,network-theoretical,1
3567,"networks""",1
3570,neurally,1
3571,neuro-dynamical,1
3572,neuro-electromagnetic,1
3577,neurodevelopmental,1
3581,neurogenomics,1
3583,neuroimaging-based,1
3584,neuroinformatics,1
3585,neurological,1
3587,neuromodeling,1
3593,"neurons""",1
3594,neuropathologies,1
3596,neurophysiologically,1
3597,neurophysiologically),1
3603,neuroradiology,1
3608,neurotransmission,1
3609,neurotransmitters,1
3614,newer,1
3615,newly,1
3617,nhs,1
3618,nicotinic,1
3624,nmda-receptor,1
3629,"nodes"")",1
3631,noise-diffusion,1
3633,noise-induced,1
3634,noise-influenced,1
3635,noiseless,1
3637,non-attended,1
3638,non-attentive,1
3639,non-deterministic,1
3640,non-deterministically,1
3641,non-invasive,1
3643,non-linearity,1
3645,non-random,1
3646,non-responsive,1
3648,non-salient,1
3652,non-uniform,1
3653,non-zero,1
3654,nonadapted,1
3655,noncompetitive,1
3656,nondecision,1
3657,nonetheless,1
3659,nonlinearities,1
3660,nonnative,1
3661,nonparametric,1
3662,nonrandom,1
3663,nonrelevant,1
3667,nontrivial,1
3668,nor,1
3669,noradrenaline,1
3672,normality,1
3673,normally,1
3674,normative,1
3675,nørrebrogade,1
3676,norway,1
3677,nose,1
3679,notable,1
3681,noted,1
3682,noteworthy,1
3685,novelty,1
3687,nowadays,1
3689,nss,1
3690,"nss""",1
3691,nuclei,1
3693,nuffield,1
3694,null-hypothesis,1
3700,nuria,1
3705,object-related,1
3706,object-specific,1
3707,object-value,1
3708,objective,1
3709,objectives,1
3711,obscured,1
3713,observational,1
3717,observer,1
3718,observers,1
3719,observing,1
3721,obstacles,1
3724,occipital,1
3732,off,1
3734,offers,1
3737,older,1
3743,one-to-one,1
3745,oneself,1
3747,online,1
3753,opening,1
3759,operational,1
3760,operculum,1
3761,operculum/anterior,1
3762,opinion,1
3764,opposing,1
3766,opt,1
3767,optical,1
3769,optimally,1
3771,optimize,1
3774,options,1
3775,optogenetics,1
3779,orderly,1
3780,ordinary,1
3782,organisation,1
3784,organization-by-process,1
3785,organization-by-stimulus-domain,1
3792,originally,1
3795,originates,1
3796,originating,1
3798,ornstein-uhlenbeck,1
3799,oscillate,1
3808,otherwise,1
3811,out-of-sample,1
3815,outline,1
3816,outlined,1
3817,outlines,1
3818,outmost,1
3821,outside,1
3823,over-reactive,1
3827,overcome,1
3833,own,1
3839,oxygen,1
3841,p < 0,1
3845,paired,1
3849,palo,1
3850,panagiota,1
3851,panagiotaropoulos@tuebingen,1
3856,paradoxical,1
3860,parameterized,1
3862,parametric,1
3863,parametrically,1
3864,parametrizes,1
3865,paranoia,1
3866,parc,1
3874,participant,1
3876,participating,1
3877,particle,1
3884,pasqual,1
3886,passive,1
3887,past,1
3888,path,1
3889,pathologic,1
3890,pathological,1
3891,pathology,1
3896,patient-average,1
3900,pave,1
3902,pcc,1
3904,pediatric,1
3906,per,1
3907,perceived,1
3908,percentage,1
3909,percept,1
3911,perception?,1
3915,perfect,1
3918,performance-enabling,1
3923,perinatal,1
3929,peritoneal,1
3932,personality,1
3933,personalized,1
3935,perspectives,1
3936,pertaining,1
3938,perturbed,1
3939,perturbing,1
3940,petter,1
3942,pharmacodynamics,1
3943,pharmacological,1
3944,pharmacologically,1
3947,phase-differences,1
3950,phase-randomized,1
3951,phase-reduced,1
3955,phenomenological,1
3956,phenomenologically,1
3958,philippstr,1
3960,phonemes,1
3962,phonological,1
3963,phosphorylated,1
3969,pictures),1
3970,piece,1
3972,pivotal,1
3974,plaça,1
3976,placebo,1
3985,plausibility,1
3988,player,1
3989,players,1
3990,plays,1
3991,pleasant,1
3992,pleasantness,1
3996,pointed,1
3997,pointing,1
4000,poisson-with-refractory-period,1
4001,poke,1
4002,pole,1
4004,policlinico,1
4005,polytechnics,1
4009,pool),1
4010,poole,1
4013,pools),1
4016,popular,1
4019,por,1
4020,portraying,1
4022,poses,1
4027,possesses,1
4028,possessing,1
4029,possibilities,1
4030,possibility,1
4032,possibly,1
4033,post-decision,1
4034,post-infusion,1
4035,postcentral,1
4037,posterolateral,1
4038,postinjury,1
4039,postoperative,1
4041,postresective,1
4042,postsurgical,1
4046,potential-a,1
4051,power-laws,1
4053,pp),1
4055,practice,1
4057,pre-defined,1
4058,pre-post,1
4059,precedence,1
4063,preclinical,1
4064,preclude,1
4065,precludes,1
4068,predictability,1
4073,predictors,1
4075,predominance,1
4076,predominantly,1
4077,preferences,1
4078,preferential,1
4081,prefrontal-striatum,1
4082,prefrontal/limbic,1
4084,prematurity,1
4086,prenatal,1
4087,preparations,1
4088,prerequisite,1
4089,preseizure,1
4094,presenting,1
4096,preserve,1
4100,presurgical,1
4103,pretraining,1
4104,prevails,1
4105,prevalent,1
4106,preventing,1
4117,principled,1
4120,priori,1
4121,prioritise,1
4122,prioritised,1
4123,prioritised),1
4124,prioritizing,1
4127,probabilistically,1
4129,probably,1
4131,problematic,1
4134,procedures,1
4135,proceed,1
4137,process?,1
4140,processes),1
4142,processing),1
4146,productively,1
4147,proficient,1
4150,profound,1
4151,prognosis,1
4153,progressing,1
4154,progression,1
4156,project,1
4157,projections,1
4158,prolonged,1
4160,prominently,1
4161,promise,1
4164,promoter,1
4165,promoting,1
4166,promptness,1
4167,pronunciations),1
4168,proof,1
4174,proposal,1
4178,propositions,1
4180,protocols,1
4187,proxies,1
4188,proximity,1
4189,pruning,1
4190,pseudowords,1
4194,psychedelic),1
4197,psychobiology,1
4200,psychopathology,1
4202,psychophysical/neurophysiological,1
4203,psychophysically,1
4204,psychophysics,1
4206,psychosocial,1
4210,pulled,1
4211,punishers,1
4214,purpose,1
4216,putamen,1
4218,puts,1
4219,pyrosequencing,1
4223,quality,1
4227,quantitative,1
4228,quantitatively,1
4230,quasi-orbits,1
4231,quasi-periodic,1
4233,quenching,1
4236,quicker,1
4237,quiescent,1
4238,quite,1
4242,raised,1
4245,ramp,1
4248,randomized,1
4249,randomly,1
4252,ranges,1
4257,rarely,1
4258,rat,1
4260,rate-based,1
4264,rationale,1
4266,raw,1
4267,re-emerging,1
4268,re-establishing,1
4269,re-establishment,1
4270,re-integration,1
4272,reach,1
4274,reaches,1
4276,reactivation,1
4277,read,1
4278,readout,1
4282,reality,1
4283,really,1
4285,reasonably,1
4287,recalled,1
4298,reciprocally,1
4299,recognition,1
4301,recommend,1
4303,reconstruct,1
4305,reconstruction,1
4306,reconstructions,1
4310,recordings),1
4313,recreating,1
4314,recruited,1
4315,recurrence,1
4318,"red"")",1
4324,redundancy,1
4325,reference,1
4326,referential,1
4332,reflection,1
4333,reflective,1
4335,refresh,1
4336,regard,1
4342,region-specific,1
4345,regions-or,1
4349,regulated,1
4350,regulating,1
4353,rehearsal,1
4354,reinforce,1
4355,reinforcing,1
4365,relaxation,1
4366,relaxed,1
4367,relaxing,1
4368,relearning,1
4369,release,1
4370,released,1
4371,releases,1
4374,reliable,1
4376,relied,1
4379,remaining,1
4383,remember,1
4384,reminiscent,1
4388,removed,1
4389,rendered,1
4390,reoccurred,1
4391,reorganisation,1
4393,reorganizations,1
4394,repeat,1
4395,repeated,1
4398,repetition,1
4399,repetitive,1
4400,replicate,1
4402,replication,1
4405,reporting,1
4419,requested,1
4422,requirements--cognitive,1
4425,res,1
4427,resected,1
4428,resemblance,1
4430,resembles,1
4431,reside,1
4432,resilient,1
4434,resolve,1
4436,resorting,1
4438,respectively,1
4440,responded,1
4441,responding,1
4443,response),1
4446,responsive,1
4447,responsiveness,1
4451,resting-state),1
4453,restorative,1
4454,restored,1
4456,rests,1
4458,resultant,1
4459,resulted,1
4462,retains,1
4463,retrieval,1
4464,retrieved,1
4469,reverberating,1
4472,reverses,1
4474,reviewed,1
4475,reviews,1
4476,revised,1
4477,revolution,1
4478,revolves,1
4487,rich-clubs,1
4488,richer,1
4489,richness,1
4492,right),1
4493,rigorous,1
4495,ring,1
4496,rings,1
4498,ripples-both,1
4501,risky,1
4502,ritap,1
4504,rmcintosh@research,1
4509,robustness,1
4511,rochester,1
4512,rodents,1
4513,roetersstraat,1
4514,rois,1
4518,rolls@psy,1
4520,romo,1
4521,round,1
4522,routed,1
4523,routing,1
4524,row,1
4530,rsns-like,1
4533,ruins,1
4535,rule-dependent,1
4537,ruminations,1
4538,running,1
4543,s1),1
4544,saccade,1
4550,salvador,1
4554,sanitari,1
4557,santander,1
4558,santé,1
4560,saturation,1
4561,saw,1
4563,sc-dfc-fc,1
4564,sc-fc,1
4568,scale-invariant,1
4569,scaled,1
4571,scaling,1
4573,scan,1
4574,scanned,1
4577,scans),1
4578,scarce,1
4583,scenes?,1
4584,schedule,1
4585,scheme,1
4591,scientific,1
4594,scrutinizing,1
4595,seamlessly,1
4597,search),1
4598,searched,1
4599,sebastian,1
4600,sebastian-galles,1
4601,sebastián-gallés,1
4602,sebastian@eupf,1
4605,secondary,1
4607,section,1
4609,seemingly,1
4612,segment,1
4616,segregative,1
4618,seizure-free,1
4626,selen,1
4627,self,1
4628,self-amplification,1
4630,self-other,1
4632,semantic,1
4633,semi-empirical,1
4634,seminal,1
4635,send,1
4636,sendai,1
4638,sending,1
4640,senses,1
4642,sensitively,1
4644,sensitivity--as,1
4650,sensory-based,1
4652,sensory-perceptual,1
4656,separates,1
4657,separating,1
4660,sequences,1
4663,serially,1
4666,serves,1
4667,serving,1
4668,session,1
4671,set-shifting,1
4672,"set""",1
4674,setting,1
4675,settings,1
4676,settling,1
4677,seven,1
4679,sforza,1
4680,shallow,1
4682,shannon,1
4685,shapes,1
4688,shared,1
4689,shares,1
4690,sharing,1
4691,sharpens,1
4693,shedding,1
4694,sheds,1
4695,shew,1
4700,short-,1
4703,shorten,1
4711,shunts,1
4712,shut,1
4713,si,1
4714,side,1
4719,signaling,1
4720,signalled,1
4721,signalling,1
4731,silvia,1
4733,similarities,1
4734,similarity,1
4737,simplicial,1
4739,simplistic,1
4740,simply,1
4743,simulates,1
4749,sinai,1
4753,single-feature,1
4755,single-state,1
4757,single-tr,1
4758,single-unit,1
4760,situation,1
4766,skills,1
4767,skin,1
4770,sleep-wake,1
4771,sleep),1
4773,slight,1
4774,slightly,1
4776,sloppiness,1
4779,slow-fast,1
4781,slower,1
4782,slowing,1
4783,slowing),1
4784,slowly,1
4786,small-world,1
4787,small-worldness,1
4789,snn,1
4793,society,1
4794,sodium,1
4795,solid,1
4797,solutions,1
4798,solve,1
4799,solved,1
4801,somato-motor,1
4802,somatomotor,1
4805,sometimes,1
4806,sophisticated,1
4808,soto@icrea,1
4811,source-,1
4812,sources,1
4813,south,1
4817,space-based,1
4819,space-timings,1
4820,"space""",1
4822,spanish-accented,1
4823,spanish-catalan,1
4824,spanish-dominant,1
4825,spanned,1
4829,sparsity,1
4833,spatio-temporally,1
4835,spatiotemporally,1
4836,speak,1
4837,speakers,1
4838,special,1
4843,specificity,1
4844,specified,1
4845,specify,1
4850,speed-accuracy,1
4851,spends,1
4854,spike-firing,1
4856,spike-frequency-adaptation,1
4857,spike-lfp,1
4858,spike-timing-dependent,1
4859,spike-triggered,1
4861,"spikes""",1
4863,spiking-level,1
4868,"spot""",1
4871,ssots,1
4874,stabilized,1
4875,stabilizes,1
4876,stabilizing,1
4880,stand,1
4882,standpoint,1
4883,stanford,1
4885,started,1
4886,starts,1
4893,stating,1
4894,station,1
4897,statistically,1
4899,stay,1
4902,stdp-based,1
4903,steady,1
4904,steady-state,1
4907,stems,1
4908,stephan@fil,1
4909,stereotypical,1
4912,stimulated,1
4914,stimulation-induced,1
4915,stimulations,1
4921,stimulus-related,1
4923,stimulus-selective,1
4925,stochastical,1
4926,stochastically,1
4929,stored,1
4930,straight-forward,1
4931,straightforward,1
4932,strand,1
4933,strategies,1
4937,street,1
4939,strengthening,1
4942,stress-related,1
4943,stresses,1
4944,striate,1
4945,striatum,1
4946,strictly,1
4952,stroop-like,1
4954,structurally,1
4963,sub-critical,1
4964,sub-criticality,1
4965,sub-serving,1
4967,subgroups,1
4972,subjects),1
4973,submitted,1
4974,subnetworks,1
4975,subnuclei,1
4976,suboptimal,1
4982,substantially,1
4983,substituting,1
4985,substrates,1
4986,subsystem,1
4989,subtle,1
4990,subtly,1
4991,successful,1
4993,successive,1
4994,successively,1
4996,suffered,1
5004,suitable,1
5006,sumbre@biologie,1
5014,superiority,1
5016,supplying,1
5021,suppresses,1
5023,supramarginal,1
5024,sure,1
5025,surgical,1
5026,surpass,1
5027,surpassing,1
5030,surrogates,1
5032,survival,1
5033,survive,1
5034,sustain,1
5036,sweden,1
5038,switches,1
5041,syllable,1
5045,synchronicity,1
5046,synchronizability,1
5050,synchronizes,1
5053,syntactic,1
5054,syntax,1
5055,syst,1
5062,t=-2,1
5063,tackled,1
5064,tactile,1
5072,targeting,1
5075,task-based,1
5076,task-dependent,1
5083,task?,1
5084,task),1
5085,task/stimulus-driven,1
5088,taylor,1
5089,tease,1
5090,technically,1
5095,tecnologies,1
5096,teeter,1
5097,tell,1
5098,temple,1
5101,temporarily,1
5102,temporo-parietal,1
5103,ten,1
5105,tended,1
5107,tends,1
5111,termed,1
5120,texas,1
5121,text]),1
5130,themed,1
5131,themselves,1
5133,theodoni@upf,1
5134,theofanis,1
5138,theories,1
5139,theorists,1
5141,theory-driven,1
5142,therapeutic,1
5146,thermodynamic,1
5148,theta-band),1
5149,theta-to-gamma,1
5151,thiagarajan,1
5152,thinking,1
5160,thousand,1
5161,thousands,1
5167,tie,1
5168,tightly,1
5170,time-averaged,1
5171,time-constant),1
5172,time-constants,1
5175,time-evolving,1
5176,time-invariant),1
5177,time-scale,1
5180,timely,1
5185,timings,1
5186,timothee,1
5188,tmkl,1
5189,tmkl),1
5193,togetherness,1
5195,took,1
5199,top-down-driven,1
5200,topic,1
5201,topics,1
5202,topographical,1
5203,topographically,1
5204,topographies,1
5205,topography,1
5207,topologically,1
5213,toward,1
5215,tracing,1
5216,track,1
5217,tracking,1
5218,tractable,1
5219,tractography,1
5221,trade,1
5224,traditions,1
5225,trails,1
5231,transferred,1
5232,transfers,1
5233,transformed,1
5235,transiently,1
5237,transited,1
5240,transitory,1
5243,transmitted,1
5244,transmitter,1
5245,transparent,1
5246,transport,1
5247,traumatic,1
5248,traveling,1
5250,treated,1
5251,treating,1
5252,tremendously,1
5257,trial-to-trial,1
5258,trial),1
5261,triggers,1
5262,tristan,1
5263,troughs,1
5267,tryptamine,1
5268,tsuda,1
5270,tune,1
5272,tuner,1
5273,tunes,1
5277,turns,1
5278,tw,1
5283,two-area,1
5284,two-choice,1
5287,tx,1
5291,ub,1
5293,uclh,1
5295,ullevål,1
5296,ultimately,1
5297,ultra-slow,1
5298,umr,1
5299,unaffected,1
5300,unattended,1
5301,unbalancing,1
5303,uncertain-option,1
5306,unconsciousness,1
5308,uncovered,1
5309,uncovering,1
5311,under-reactive,1
5312,underdetermined,1
5313,underestimation,1
5314,underexplored,1
5315,undergo,1
5316,undergoes,1
5321,underpin,1
5322,underpinned,1
5323,underscore,1
5327,undifferentiated,1
5328,undirected,1
5330,unfolded,1
5332,unidimensional,1
5334,uniformly,1
5336,unilateral,1
5337,unimodal,1
5342,unité,1
5345,univ,1
5347,universität,1
5351,university/georgia,1
5354,unlikely,1
5355,unrealistic,1
5356,unresolved,1
5357,unspecific,1
5359,unsuccessful,1
5360,unter,1
5363,upmodulates,1
5365,upper,1
5366,upward,1
5369,usable,1
5374,uses,1
5376,usual,1
5378,utah,1
5379,utilising,1
5381,utmost,1
5383,v,1
5385,v1),1
5386,v2,1
5387,v2),1
5390,valencia,1
5395,value-based,1
5396,value-to-choice,1
5399,vanish,1
5404,variance),1
5405,variant,1
5407,variational,1
5409,varied,1
5410,varies,1
5411,varieties,1
5414,variously,1
5419,venezia,1
5423,vera,1
5424,verbs,1
5425,veridical,1
5426,verify,1
5427,versa,1
5428,version,1
5429,versions,1
5433,vestini,1
5434,veterans,1
5436,viability,1
5437,vibration,1
5438,vibrations,1
5440,vibroactile,1
5443,vice,1
5444,victoria,1
5446,viewed,1
5447,vigilance,1
5448,violations,1
5450,virus,1
5451,visibility,1
5452,visible,1
5454,visited,1
5456,visual-search,1
5460,vitro,1
5462,vivo-recordings,1
5463,voltage-based,1
5464,voltage-sensitive,1
5466,volume-conducted,1
5467,volume-conductor,1
5470,voxels,1
5471,vpc,1
5475,vs,1
5476,vu,1
5478,vulnerable,1
5480,w12,1
5481,wagering,1
5483,wake-sleep,1
5485,warm,1
5489,watson,1
5494,wb,1
5496,wc1n3bg,1
5497,wcs-like,1
5498,wcst,1
5499,wcst-like,1
5500,wdms,1
5503,weaken,1
5506,weakly-synchronized,1
5509,weill,1
5511,well-established,1
5516,whenever,1
5521,whichever,1
5529,whole-system,1
5534,wider,1
5539,window,1
5540,windows,1
5541,windows-approach,1
5542,winner-take-all,1
5543,winning,1
5544,winnipeg,1
5546,winterthurerstrasse,1
5548,wisconsin-delayed-match-to-sample,1
5556,words),1
5558,workflow,1
5560,working-memory-related,1
5562,workshop,1
5563,workshops,1
5565,world,1
5567,wulfram,1
5568,xiepeng@cqmu,1
5569,y,1
5570,yale,1
5573,yes/no,1
5575,yield,1
5578,york,1
5580,young,1
5581,z=2,1
5582,zaragoza,1
5583,zealand,1
5584,zero,1
5586,zone,1
5587,zu,1
5589,α-rhythms,1