Title,URL,Description,Details,ShortDetails,Resource,Type,Identifiers,Db,EntrezUID,Properties
"Lifespan associated global patterns of coherent neural communication.","/pubmed/32289459","Sahoo B, Pathak A, Deco G, Banerjee A, Roy D.","Neuroimage. 2020 Apr 11:116824. doi: 10.1016/j.neuroimage.2020.116824. [Epub ahead of print]","Neuroimage.  2020","PubMed","citation","PMID:32289459","pubmed","32289459","create date:2020/04/15 | first author:Sahoo B",
"Modeling regional changes in dynamic stability during sleep and wakefulness.","/pubmed/32289454","Ipiña IP, Kehoe PD, Kringelbach M, Laufs H, Ibañez A, Deco G, Perl YS, Tagliazucchi E.","Neuroimage. 2020 Apr 11;215:116833. doi: 10.1016/j.neuroimage.2020.116833. [Epub ahead of print]","Neuroimage.  2020","PubMed","citation","PMID:32289454","pubmed","32289454","create date:2020/04/15 | first author:Ipiña IP",
"Dynamic coupling of whole-brain neuronal and neurotransmitter systems.","/pubmed/32284420","Kringelbach ML, Cruzat J, Cabral J, Knudsen GM, Carhart-Harris R, Whybrow PC, Logothetis NK, Deco G.","Proc Natl Acad Sci U S A. 2020 Apr 28;117(17):9566-9576. doi: 10.1073/pnas.1921475117. Epub 2020 Apr 13.","Proc Natl Acad Sci U S A.  2020","PubMed","citation","PMID:32284420","pubmed","32284420","create date:2020/04/15 | first author:Kringelbach ML",
"Cortical state transitions and stimulus response evolve along stiff and sloppy parameter dimensions, respectively.","/pubmed/32181740","Ponce-Alvarez A, Mochol G, Hermoso-Mendizabal A, de la Rocha J, Deco G.","Elife. 2020 Mar 17;9. pii: e53268. doi: 10.7554/eLife.53268.","Elife.  2020","PubMed","citation","PMID:32181740 | PMCID:PMC7108864","pubmed","32181740","create date:2020/03/18 | first author:Ponce-Alvarez A",
"Low entropy map of brain oscillatory activity identifies spatially localized events: A new method for automated epilepsy focus prediction.","/pubmed/31785422","Vila-Vidal M, Pérez Enríquez C, Principe A, Rocamora R, Deco G, Tauste Campo A.","Neuroimage. 2020 Mar;208:116410. doi: 10.1016/j.neuroimage.2019.116410. Epub 2019 Nov 27.","Neuroimage.  2020","PubMed","citation","PMID:31785422","pubmed","31785422","create date:2019/12/01 | first author:Vila-Vidal M",
"Uncovering the spatiotemporal scales of common neuro-mental constructs: Comment on ""Is temporo-spatial dynamics the 'common currency' of brain and mind? In Quest of 'Spatiotemporal Neuroscience'"" by Georg Northoff et al.","/pubmed/31706923","Vila-Vidal M, Capouskova K, Atasoy S, Kringelbach ML, Deco G.","Phys Life Rev. 2019 Oct 22. pii: S1571-0645(19)30155-1. doi: 10.1016/j.plrev.2019.10.004. [Epub ahead of print] No abstract available. ","Phys Life Rev.  2019","PubMed","citation","PMID:31706923","pubmed","31706923","create date:2019/11/11 | first author:Vila-Vidal M",
"Imaging Connectomics and the Understanding of Brain Diseases.","/pubmed/31705494","Insabato A, Deco G, Gilson M.","Adv Exp Med Biol. 2019;1192:139-158. doi: 10.1007/978-981-32-9721-0_8.","Adv Exp Med Biol.  2019","PubMed","citation","PMID:31705494","pubmed","31705494","create date:2019/11/11 | first author:Insabato A",
"Effective connectivity in autism.","/pubmed/31657138","Rolls ET, Zhou Y, Cheng W, Gilson M, Deco G, Feng J.","Autism Res. 2020 Jan;13(1):32-44. doi: 10.1002/aur.2235. Epub 2019 Oct 27.","Autism Res.  2020","PubMed","citation","PMID:31657138","pubmed","31657138","create date:2019/10/28 | first author:Rolls ET",
"Harmonic waves as the fundamental principle underlying temporo-spatial dynamics of brain and mind: Comment on ""Is temporo-spatial dynamics the ""common currency"" of brain and mind? In Quest of ""Spatiotemporal Neuroscience"" Georg Northoff et al.","/pubmed/31629673","Atasoy S, Deco G, Kringelbach ML.","Phys Life Rev. 2019 Oct 15. pii: S1571-0645(19)30151-4. doi: 10.1016/j.plrev.2019.10.001. [Epub ahead of print] No abstract available. ","Phys Life Rev.  2019","PubMed","citation","PMID:31629673","pubmed","31629673","create date:2019/10/21 | first author:Atasoy S",
"Disrupted brain structural connectivity in Pediatric Bipolar Disorder with psychosis.","/pubmed/31541155","Fernandes HM, Cabral J, van Hartevelt TJ, Lord LD, Gleesborg C, Møller A, Deco G, Whybrow PC, Petrovic P, James AC, Kringelbach ML.","Sci Rep. 2019 Sep 20;9(1):13638. doi: 10.1038/s41598-019-50093-4.","Sci Rep.  2019","PubMed","citation","PMID:31541155 | PMCID:PMC6754428","pubmed","31541155","create date:2019/09/22 | first author:Fernandes HM",
"Breakdown of Whole-brain Dynamics in Preterm-born Children.","/pubmed/31504269","Padilla N, Saenger VM, van Hartevelt TJ, Fernandes HM, Lennartsson F, Andersson JLR, Kringelbach M, Deco G, Åden U.","Cereb Cortex. 2020 Mar 14;30(3):1159-1170. doi: 10.1093/cercor/bhz156.","Cereb Cortex.  2020","PubMed","citation","PMID:31504269 | PMCID:PMC7132942","pubmed","31504269","create date:2019/09/11 | first author:Padilla N",
"Awakening: Predicting external stimulation to force transitions between different brain states.","/pubmed/31427539","Deco G, Cruzat J, Cabral J, Tagliazucchi E, Laufs H, Logothetis NK, Kringelbach ML.","Proc Natl Acad Sci U S A. 2019 Sep 3;116(36):18088-18097. doi: 10.1073/pnas.1905534116. Epub 2019 Aug 19.","Proc Natl Acad Sci U S A.  2019","PubMed","citation","PMID:31427539 | PMCID:PMC6731634","pubmed","31427539","create date:2019/08/21 | first author:Deco G",
"Beyond the disconnectivity hypothesis of schizophrenia.","/pubmed/31381086","Rolls ET, Cheng W, Gilson M, Gong W, Deco G, Lo CZ, Yang AC, Tsai SJ, Liu ME, Lin CP, Feng J.","Cereb Cortex. 2020 Mar 14;30(3):1213-1233. doi: 10.1093/cercor/bhz161.","Cereb Cortex.  2020","PubMed","citation","PMID:31381086","pubmed","31381086","create date:2019/08/06 | first author:Rolls ET",
"Characterizing the Dynamical Complexity Underlying Meditation.","/pubmed/31354439","Escrichs A, Sanjuán A, Atasoy S, López-González A, Garrido C, Càmara E, Deco G.","Front Syst Neurosci. 2019 Jul 10;13:27. doi: 10.3389/fnsys.2019.00027. eCollection 2019.","Front Syst Neurosci.  2019","PubMed","citation","PMID:31354439 | PMCID:PMC6637306","pubmed","31354439","create date:2019/07/30 | first author:Escrichs A",
"Network analysis of whole-brain fMRI dynamics: A new framework based on dynamic communicability.","/pubmed/31306771","Gilson M, Kouvaris NE, Deco G, Mangin JF, Poupon C, Lefranc S, Rivière D, Zamora-López G.","Neuroimage. 2019 Nov 1;201:116007. doi: 10.1016/j.neuroimage.2019.116007. Epub 2019 Jul 12.","Neuroimage.  2019","PubMed","citation","PMID:31306771","pubmed","31306771","create date:2019/07/16 | first author:Gilson M",
"A new computational approach to estimate whole-brain effective connectivity from functional and structural MRI, applied to language development.","/pubmed/31186486","Hahn G, Skeide MA, Mantini D, Ganzetti M, Destexhe A, Friederici AD, Deco G.","Sci Rep. 2019 Jun 11;9(1):8479. doi: 10.1038/s41598-019-44909-6.","Sci Rep.  2019","PubMed","citation","PMID:31186486 | PMCID:PMC6559954","pubmed","31186486","create date:2019/06/13 | first author:Hahn G",
"Dynamical exploration of the repertoire of brain networks at rest is modulated by psilocybin.","/pubmed/31132450","Lord LD, Expert P, Atasoy S, Roseman L, Rapuano K, Lambiotte R, Nutt DJ, Deco G, Carhart-Harris RL, Kringelbach ML, Cabral J.","Neuroimage. 2019 Oct 1;199:127-142. doi: 10.1016/j.neuroimage.2019.05.060. Epub 2019 May 25.","Neuroimage.  2019","PubMed","citation","PMID:31132450","pubmed","31132450","create date:2019/05/28 | first author:Lord LD",
"Primate Amygdala Neurons Simulate Decision Processes of Social Partners.","/pubmed/30982599","Grabenhorst F, Báez-Mendoza R, Genest W, Deco G, Schultz W.","Cell. 2019 May 2;177(4):986-998.e15. doi: 10.1016/j.cell.2019.02.042. Epub 2019 Apr 11.","Cell.  2019","PubMed","citation","PMID:30982599 | PMCID:PMC6506276","pubmed","30982599","create date:2019/04/16 | first author:Grabenhorst F",
"Neural mechanisms of vibrotactile categorization.","/pubmed/30920706","Malone PS, Eberhardt SP, Wimmer K, Sprouse C, Klein R, Glomb K, Scholl CA, Bokeria L, Cho P, Deco G, Jiang X, Bernstein LE, Riesenhuber M.","Hum Brain Mapp. 2019 Jul;40(10):3078-3090. doi: 10.1002/hbm.24581. Epub 2019 Mar 28.","Hum Brain Mapp.  2019","PubMed","citation","PMID:30920706","pubmed","30920706","create date:2019/03/29 | first author:Malone PS",
"Feed-forward information and zero-lag synchronization in the sensory thalamocortical circuit are modulated during stimulus perception.","/pubmed/30910974","Tauste Campo A, Vázquez Y, Álvarez M, Zainos A, Rossi-Pool R, Deco G, Romo R.","Proc Natl Acad Sci U S A. 2019 Apr 9;116(15):7513-7522. doi: 10.1073/pnas.1819095116. Epub 2019 Mar 25.","Proc Natl Acad Sci U S A.  2019","PubMed","citation","PMID:30910974 | PMCID:PMC6462113","pubmed","30910974","create date:2019/03/27 | first author:Tauste Campo A",
"Reliable local dynamics in the brain across sessions are revealed by whole-brain modeling of resting state activity.","/pubmed/30882961","Donnelly-Kehoe P, Saenger VM, Lisofsky N, Kühn S, Kringelbach ML, Schwarzbach J, Lindenberger U, Deco G.","Hum Brain Mapp. 2019 Jul;40(10):2967-2980. doi: 10.1002/hbm.24572. Epub 2019 Mar 18.","Hum Brain Mapp.  2019","PubMed","citation","PMID:30882961","pubmed","30882961","create date:2019/03/19 | first author:Donnelly-Kehoe P",
"Altered ability to access a clinically relevant control network in patients remitted from major depressive disorder.","/pubmed/30864248","Figueroa CA, Cabral J, Mocking RJT, Rapuano KM, van Hartevelt TJ, Deco G, Expert P, Schene AH, Kringelbach ML, Ruhé HG.","Hum Brain Mapp. 2019 Jun 15;40(9):2771-2786. doi: 10.1002/hbm.24559. Epub 2019 Mar 12.","Hum Brain Mapp.  2019","PubMed","citation","PMID:30864248","pubmed","30864248","create date:2019/03/14 | first author:Figueroa CA",
"Does Bilingualism Alter Lexical Structure? Response to Oppenheim, Wu, and Thierry (2018).","/pubmed/30803014","Costa A, Pannunzi M, Deco G, Pickering MJ.","Cogn Sci. 2019 Mar;43(2):e12707. doi: 10.1111/cogs.12707. No abstract available. ","Cogn Sci.  2019","PubMed","citation","PMID:30803014","pubmed","30803014","create date:2019/02/26 | first author:Costa A",
"Brain songs framework used for discovering the relevant timescale of the human brain.","/pubmed/30718478","Deco G, Cruzat J, Kringelbach ML.","Nat Commun. 2019 Feb 4;10(1):583. doi: 10.1038/s41467-018-08186-7.","Nat Commun.  2019","PubMed","citation","PMID:30718478 | PMCID:PMC6361902","pubmed","30718478","create date:2019/02/06 | first author:Deco G",
"Inversion of a large-scale circuit model reveals a cortical hierarchy in the dynamic resting human brain.","/pubmed/30662942","Wang P, Kong R, Kong X, Liégeois R, Orban C, Deco G, van den Heuvel MP, Thomas Yeo BT.","Sci Adv. 2019 Jan 9;5(1):eaat7854. doi: 10.1126/sciadv.aat7854. eCollection 2019 Jan.","Sci Adv.  2019","PubMed","citation","PMID:30662942 | PMCID:PMC6326747","pubmed","30662942","create date:2019/01/22 | first author:Wang P",
"Portraits of communication in neuronal networks.","/pubmed/30552403","Hahn G, Ponce-Alvarez A, Deco G, Aertsen A, Kumar A.","Nat Rev Neurosci. 2019 Feb;20(2):117-127. doi: 10.1038/s41583-018-0094-0. Review.","Nat Rev Neurosci.  2019","PubMed","citation","PMID:30552403","pubmed","30552403","create date:2018/12/16 | first author:Hahn G",
"Traces of statistical learning in the brain's functional connectivity after artificial language exposure.","/pubmed/30521815","Sengupta P, Burgaleta M, Zamora-López G, Basora A, Sanjuán A, Deco G, Sebastian-Galles N.","Neuropsychologia. 2019 Feb 18;124:246-253. doi: 10.1016/j.neuropsychologia.2018.12.001. Epub 2018 Dec 3.","Neuropsychologia.  2019","PubMed","citation","PMID:30521815","pubmed","30521815","create date:2018/12/07 | first author:Sengupta P",
"Common neural signatures of psychedelics: Frequency-specific energy changes and repertoire expansion revealed using connectome-harmonic decomposition.","/pubmed/30471684","Atasoy S, Vohryzek J, Deco G, Carhart-Harris RL, Kringelbach ML.","Prog Brain Res. 2018;242:97-120. doi: 10.1016/bs.pbr.2018.08.009. Epub 2018 Oct 25. Review.","Prog Brain Res.  2018","PubMed","citation","PMID:30471684","pubmed","30471684","create date:2018/11/26 | first author:Atasoy S",
"Whole-Brain Neuronal Activity Displays Crackling Noise Dynamics.","/pubmed/30449656","Ponce-Alvarez A, Jouary A, Privat M, Deco G, Sumbre G.","Neuron. 2018 Dec 19;100(6):1446-1459.e6. doi: 10.1016/j.neuron.2018.10.045. Epub 2018 Nov 16.","Neuron.  2018","PubMed","citation","PMID:30449656 | PMCID:PMC6307982","pubmed","30449656","create date:2018/11/20 | first author:Ponce-Alvarez A",
"Resting-State Functional Connectivity Magnetic Resonance Imaging and Outcome After Acute Stroke.","/pubmed/30355087","Puig J, Blasco G, Alberich-Bayarri A, Schlaug G, Deco G, Biarnes C, Navas-Martí M, Rivero M, Gich J, Figueras J, Torres C, Daunis-I-Estadella P, Oramas-Requejo CL, Serena J, Stinear CM, Kuceyeski A, Soriano-Mas C, Thomalla G, Essig M, Figley CR, Menon B, Demchuk A, et al.","Stroke. 2018 Oct;49(10):2353-2360. doi: 10.1161/STROKEAHA.118.021319.","Stroke.  2018","PubMed","citation","PMID:30355087 | PMCID:PMC6645916","pubmed","30355087","create date:2018/10/26 | first author:Puig J",
"Whole-Brain Multimodal Neuroimaging Model Using Serotonin Receptor Maps Explains Non-linear Functional Effects of LSD.","/pubmed/30270185","Deco G, Cruzat J, Cabral J, Knudsen GM, Carhart-Harris RL, Whybrow PC, Logothetis NK, Kringelbach ML.","Curr Biol. 2018 Oct 8;28(19):3065-3074.e6. doi: 10.1016/j.cub.2018.07.083. Epub 2018 Sep 27.","Curr Biol.  2018","PubMed","citation","PMID:30270185","pubmed","30270185","create date:2018/10/03 | first author:Deco G",
"Resting state dynamics meets anatomical structure: Temporal multiple kernel learning (tMKL) model.","/pubmed/30267857","Surampudi SG, Misra J, Deco G, Bapi RS, Sharma A, Roy D.","Neuroimage. 2019 Jan 1;184:609-620. doi: 10.1016/j.neuroimage.2018.09.054. Epub 2018 Sep 27.","Neuroimage.  2019","PubMed","citation","PMID:30267857","pubmed","30267857","create date:2018/09/30 | first author:Surampudi SG",
"Distinct modes of functional connectivity induced by movie-watching.","/pubmed/30237036","Demirtaş M, Ponce-Alvarez A, Gilson M, Hagmann P, Mantini D, Betti V, Romani GL, Friston K, Corbetta M, Deco G.","Neuroimage. 2019 Jan 1;184:335-348. doi: 10.1016/j.neuroimage.2018.09.042. Epub 2018 Sep 17.","Neuroimage.  2019","PubMed","citation","PMID:30237036 | PMCID:PMC6248881","pubmed","30237036","create date:2018/09/22 | first author:Demirtaş M",
"Extracting orthogonal subject- and condition-specific signatures from fMRI data using whole-brain effective connectivity.","/pubmed/29753842","Pallarés V, Insabato A, Sanjuán A, Kühn S, Mantini D, Deco G, Gilson M.","Neuroimage. 2018 Sep;178:238-254. doi: 10.1016/j.neuroimage.2018.04.070. Epub 2018 May 22.","Neuroimage.  2018","PubMed","citation","PMID:29753842 | PMCID:PMC6057306","pubmed","29753842","create date:2018/05/14 | first author:Pallarés V",
"Increased methylation at an unexplored glucocorticoid responsive element within exon 1(D) of NR3C1 gene is related to anxious-depressive disorders and decreased hippocampal connectivity.","/pubmed/29650294","Palma-Gudiel H, Córdova-Palomera A, Tornador C, Falcón C, Bargalló N, Deco G, Fañanás L.","Eur Neuropsychopharmacol. 2018 May;28(5):579-588. doi: 10.1016/j.euroneuro.2018.03.015. Epub 2018 Apr 10.","Eur Neuropsychopharmacol.  2018","PubMed","citation","PMID:29650294","pubmed","29650294","create date:2018/04/14 | first author:Palma-Gudiel H",
"Scale-freeness or partial synchronization in neural mass phase oscillator networks: Pick one of two?","/pubmed/29625237","Daffertshofer A, Ton R, Pietras B, Kringelbach ML, Deco G.","Neuroimage. 2018 Oct 15;180(Pt B):428-441. doi: 10.1016/j.neuroimage.2018.03.070. Epub 2018 Apr 4.","Neuroimage.  2018","PubMed","citation","PMID:29625237","pubmed","29625237","create date:2018/04/07 | first author:Daffertshofer A",
"Degenerate time-dependent network dynamics anticipate seizures in human epileptic brain.","/pubmed/29621233","Tauste Campo A, Principe A, Ley M, Rocamora R, Deco G.","PLoS Biol. 2018 Apr 5;16(4):e2002580. doi: 10.1371/journal.pbio.2002580. eCollection 2018 Apr.","PLoS Biol.  2018","PubMed","citation","PMID:29621233 | PMCID:PMC5886392","pubmed","29621233","create date:2018/04/06 | first author:Tauste Campo A",
"Effective Connectivity in Depression.","/pubmed/29529414","Rolls ET, Cheng W, Gilson M, Qiu J, Hu Z, Ruan H, Li Y, Huang CC, Yang AC, Tsai SJ, Zhang X, Zhuang K, Lin CP, Deco G, Xie P, Feng J.","Biol Psychiatry Cogn Neurosci Neuroimaging. 2018 Feb;3(2):187-197. doi: 10.1016/j.bpsc.2017.10.004. Epub 2017 Oct 23.","Biol Psychiatry Cogn Neurosci Neuroimaging.  2018","PubMed","citation","PMID:29529414","pubmed","29529414","create date:2018/03/13 | first author:Rolls ET",
"Distinct criticality of phase and amplitude dynamics in the resting brain.","/pubmed/29526743","Daffertshofer A, Ton R, Kringelbach ML, Woolrich M, Deco G.","Neuroimage. 2018 Oct 15;180(Pt B):442-447. doi: 10.1016/j.neuroimage.2018.03.002. Epub 2018 Mar 9.","Neuroimage.  2018","PubMed","citation","PMID:29526743","pubmed","29526743","create date:2018/03/13 | first author:Daffertshofer A",
"Editorial: Metastable Dynamics of Neural Ensembles.","/pubmed/29472845","Balaguer-Ballester E, Moreno-Bote R, Deco G, Durstewitz D.","Front Syst Neurosci. 2018 Jan 26;11:99. doi: 10.3389/fnsys.2017.00099. eCollection 2017. No abstract available. ","Front Syst Neurosci.  2017","PubMed","citation","PMID:29472845 | PMCID:PMC5810260","pubmed","29472845","create date:2018/02/24 | first author:Balaguer-Ballester E",
"The dynamics of human cognition: Increasing global integration coupled with decreasing segregation found using iEEG.","/pubmed/29425897","Cruzat J, Deco G, Tauste-Campo A, Principe A, Costa A, Kringelbach ML, Rocamora R.","Neuroimage. 2018 May 15;172:492-505. doi: 10.1016/j.neuroimage.2018.01.064. Epub 2018 Feb 6.","Neuroimage.  2018","PubMed","citation","PMID:29425897","pubmed","29425897","create date:2018/02/10 | first author:Cruzat J",
"Corrigendum for: Do bilinguals automatically activate their native language when they are not using it?","/pubmed/29369432","Costa A, Pannunzi M, Deco G, Pickering MJ.","Cogn Sci. 2018 Jan;42(1):365. doi: 10.1111/cogs.12577. Epub 2017 Dec 4. No abstract available. ","Cogn Sci.  2018","PubMed","citation","PMID:29369432","pubmed","29369432","create date:2018/01/26 | first author:Costa A",
"Resting Brains Never Rest: Computational Insights into Potential Cognitive Architectures: (Trends in Neurosciences 36, 268-274, 2013).","/pubmed/29317106","Deco G, Jirsa VK, McIntosh AR.","Trends Neurosci. 2018 Mar;41(3):161. doi: 10.1016/j.tins.2017.12.007. Epub 2018 Jan 6. No abstract available. ","Trends Neurosci.  2018","PubMed","citation","PMID:29317106","pubmed","29317106","create date:2018/01/11 | first author:Deco G",
"Inferring multi-scale neural mechanisms with brain network modelling.","/pubmed/29308767","Schirner M, McIntosh AR, Jirsa V, Deco G, Ritter P.","Elife. 2018 Jan 8;7. pii: e28927. doi: 10.7554/eLife.28927.","Elife.  2018","PubMed","citation","PMID:29308767 | PMCID:PMC5802851","pubmed","29308767","create date:2018/01/09 | first author:Schirner M",
"Stereotypical modulations in dynamic functional connectivity explained by changes in BOLD variance.","/pubmed/29294385","Glomb K, Ponce-Alvarez A, Gilson M, Ritter P, Deco G.","Neuroimage. 2018 May 1;171:40-54. doi: 10.1016/j.neuroimage.2017.12.074. Epub 2017 Dec 30.","Neuroimage.  2018","PubMed","citation","PMID:29294385","pubmed","29294385","create date:2018/01/03 | first author:Glomb K",
"Linear distributed source modeling of local field potentials recorded with intra-cortical electrode arrays.","/pubmed/29253006","Hindriks R, Schmiedt J, Arsiwalla XD, Peter A, Verschure PFMJ, Fries P, Schmid MC, Deco G.","PLoS One. 2017 Dec 18;12(12):e0187490. doi: 10.1371/journal.pone.0187490. eCollection 2017.","PLoS One.  2017","PubMed","citation","PMID:29253006 | PMCID:PMC5734682","pubmed","29253006","create date:2017/12/19 | first author:Hindriks R",
"Connectome-harmonic decomposition of human brain activity reveals dynamical repertoire re-organization under LSD.","/pubmed/29247209","Atasoy S, Roseman L, Kaelen M, Kringelbach ML, Deco G, Carhart-Harris RL.","Sci Rep. 2017 Dec 15;7(1):17661. doi: 10.1038/s41598-017-17546-0.","Sci Rep.  2017","PubMed","citation","PMID:29247209 | PMCID:PMC5732294","pubmed","29247209","create date:2017/12/17 | first author:Atasoy S",
"Perturbation of whole-brain dynamics in silico reveals mechanistic differences between brain states.","/pubmed/29225066","Deco G, Cabral J, Saenger VM, Boly M, Tagliazucchi E, Laufs H, Van Someren E, Jobst B, Stevner A, Kringelbach ML.","Neuroimage. 2018 Apr 1;169:46-56. doi: 10.1016/j.neuroimage.2017.12.009. Epub 2017 Dec 7.","Neuroimage.  2018","PubMed","citation","PMID:29225066","pubmed","29225066","create date:2017/12/12 | first author:Deco G",
"Task-related effective connectivity reveals that the cortical rich club gates cortex-wide communication.","/pubmed/29222818","Senden M, Reuter N, van den Heuvel MP, Goebel R, Deco G, Gilson M.","Hum Brain Mapp. 2018 Mar;39(3):1246-1262. doi: 10.1002/hbm.23913. Epub 2017 Dec 8.","Hum Brain Mapp.  2018","PubMed","citation","PMID:29222818","pubmed","29222818","create date:2017/12/10 | first author:Senden M",
"Reply: Defining a functional network homeostasis after stroke: EEG-based approach is complementary to functional MRI.","/pubmed/29112703","Adhikari MH, Deco G, Corbetta M.","Brain. 2017 Dec 1;140(12):e72. doi: 10.1093/brain/awx277. No abstract available. ","Brain.  2017","PubMed","citation","PMID:29112703 | PMCID:PMC5841146","pubmed","29112703","create date:2017/11/08 | first author:Adhikari MH",
"Effective connectivity inferred from fMRI transition dynamics during movie viewing points to a balanced reconfiguration of cortical interactions.","/pubmed/29024792","Gilson M, Deco G, Friston KJ, Hagmann P, Mantini D, Betti V, Romani GL, Corbetta M.","Neuroimage. 2018 Oct 15;180(Pt B):534-546. doi: 10.1016/j.neuroimage.2017.09.061. Epub 2017 Oct 9.","Neuroimage.  2018","PubMed","citation","PMID:29024792","pubmed","29024792","create date:2017/10/13 | first author:Gilson M",
"Linking Entropy at Rest with the Underlying Structural Connectivity in the Healthy and Lesioned Brain.","/pubmed/28981635","Saenger VM, Ponce-Alvarez A, Adhikari M, Hagmann P, Deco G, Corbetta M.","Cereb Cortex. 2018 Aug 1;28(8):2948-2958. doi: 10.1093/cercor/bhx176.","Cereb Cortex.  2018","PubMed","citation","PMID:28981635 | PMCID:PMC6248473","pubmed","28981635","create date:2017/10/06 | first author:Saenger VM",
"Novel Intrinsic Ignition Method Measuring Local-Global Integration Characterizes Wakefulness and Deep Sleep.","/pubmed/28966977","Deco G, Tagliazucchi E, Laufs H, Sanjuán A, Kringelbach ML.","eNeuro. 2017 Sep 22;4(5). pii: ENEURO.0106-17.2017. doi: 10.1523/ENEURO.0106-17.2017. eCollection 2017 Sep-Oct.","eNeuro.  2017","PubMed","citation","PMID:28966977 | PMCID:PMC5617208","pubmed","28966977","create date:2017/10/03 | first author:Deco G",
"Effect of Field Spread on Resting-State Magneto Encephalography Functional Network Analysis: A Computational Modeling Study.","/pubmed/28875718","Silva Pereira S, Hindriks R, Mühlberg S, Maris E, van Ede F, Griffa A, Hagmann P, Deco G.","Brain Connect. 2017 Nov;7(9):541-557. doi: 10.1089/brain.2017.0525. Epub 2017 Oct 27.","Brain Connect.  2017","PubMed","citation","PMID:28875718","pubmed","28875718","create date:2017/09/07 | first author:Silva Pereira S",
"Time-Resolved Resting-State Functional Magnetic Resonance Imaging Analysis: Current Status, Challenges, and New Directions.","/pubmed/28874061","Keilholz S, Caballero-Gaudes C, Bandettini P, Deco G, Calhoun V.","Brain Connect. 2017 Oct;7(8):465-481. doi: 10.1089/brain.2017.0543. Review.","Brain Connect.  2017","PubMed","citation","PMID:28874061 | PMCID:PMC5653134","pubmed","28874061","create date:2017/09/07 | first author:Keilholz S",
"Harmonic Brain Modes: A Unifying Framework for Linking Space and Time in Brain Dynamics.","/pubmed/28863720","Atasoy S, Deco G, Kringelbach ML, Pearson J.","Neuroscientist. 2018 Jun;24(3):277-293. doi: 10.1177/1073858417728032. Epub 2017 Sep 1. Review.","Neuroscientist.  2018","PubMed","citation","PMID:28863720","pubmed","28863720","create date:2017/09/03 | first author:Atasoy S",
"A whole-brain computational modeling approach to explain the alterations in resting-state functional connectivity during progression of Alzheimer's disease.","/pubmed/28861336","Demirtaş M, Falcon C, Tucholka A, Gispert JD, Molinuevo JL, Deco G.","Neuroimage Clin. 2017 Aug 8;16:343-354. doi: 10.1016/j.nicl.2017.08.006. eCollection 2017.","Neuroimage Clin.  2017","PubMed","citation","PMID:28861336 | PMCID:PMC5568172","pubmed","28861336","create date:2017/09/02 | first author:Demirtaş M",
"Uncovering the underlying mechanisms and whole-brain dynamics of deep brain stimulation for Parkinson's disease.","/pubmed/28851996","Saenger VM, Kahan J, Foltynie T, Friston K, Aziz TZ, Green AL, van Hartevelt TJ, Cabral J, Stevner ABA, Fernandes HM, Mancini L, Thornton J, Yousry T, Limousin P, Zrinzo L, Hariz M, Marques P, Sousa N, Kringelbach ML, Deco G.","Sci Rep. 2017 Aug 29;7(1):9882. doi: 10.1038/s41598-017-10003-y.","Sci Rep.  2017","PubMed","citation","PMID:28851996 | PMCID:PMC5574998","pubmed","28851996","create date:2017/08/31 | first author:Saenger VM",
"Resting state networks in empirical and simulated dynamic functional connectivity.","/pubmed/28782678","Glomb K, Ponce-Alvarez A, Gilson M, Ritter P, Deco G.","Neuroimage. 2017 Oct 1;159:388-402. doi: 10.1016/j.neuroimage.2017.07.065. Epub 2017 Aug 3.","Neuroimage.  2017","PubMed","citation","PMID:28782678","pubmed","28782678","create date:2017/08/08 | first author:Glomb K",
"Cognitive performance in healthy older adults relates to spontaneous switching between states of functional connectivity during rest.","/pubmed/28698644","Cabral J, Vidaurre D, Marques P, Magalhães R, Silva Moreira P, Miguel Soares J, Deco G, Sousa N, Kringelbach ML.","Sci Rep. 2017 Jul 11;7(1):5135. doi: 10.1038/s41598-017-05425-7.","Sci Rep.  2017","PubMed","citation","PMID:28698644 | PMCID:PMC5506029","pubmed","28698644","create date:2017/07/13 | first author:Cabral J",
"Visual stimulation quenches global alpha range activity in awake primate V4: a case study.","/pubmed/28680907","Deneux T, Masquelier T, Bermudez MA, Masson GS, Deco G, Vanzetta I.","Neurophotonics. 2017 Jul;4(3):031222. doi: 10.1117/1.NPh.4.3.031222. Epub 2017 Jun 28.","Neurophotonics.  2017","PubMed","citation","PMID:28680907 | PMCID:PMC5488336","pubmed","28680907","create date:2017/07/07 | first author:Deneux T",
"Increased Stability and Breakdown of Brain Effective Connectivity During Slow-Wave Sleep: Mechanistic Insights from Whole-Brain Computational Modelling.","/pubmed/28680119","Jobst BM, Hindriks R, Laufs H, Tagliazucchi E, Hahn G, Ponce-Alvarez A, Stevner ABA, Kringelbach ML, Deco G.","Sci Rep. 2017 Jul 5;7(1):4634. doi: 10.1038/s41598-017-04522-x.","Sci Rep.  2017","PubMed","citation","PMID:28680119 | PMCID:PMC5498661","pubmed","28680119","create date:2017/07/07 | first author:Jobst BM",
"Resting-state fMRI correlations: From link-wise unreliability to whole brain stability.","/pubmed/28599964","Pannunzi M, Hindriks R, Bettinardi RG, Wenger E, Lisofsky N, Martensson J, Butler O, Filevich E, Becker M, Lochstet M, Kühn S, Deco G.","Neuroimage. 2017 Aug 15;157:250-262. doi: 10.1016/j.neuroimage.2017.06.006. Epub 2017 Jul 3. Erratum in: Neuroimage. 2017 Dec 27;:. ","Neuroimage.  2017","PubMed","citation","PMID:28599964","pubmed","28599964","create date:2017/06/11 | first author:Pannunzi M",
"The dynamics of resting fluctuations in the brain: metastability and its dynamical cortical core.","/pubmed/28596608","Deco G, Kringelbach ML, Jirsa VK, Ritter P.","Sci Rep. 2017 Jun 8;7(1):3095. doi: 10.1038/s41598-017-03073-5.","Sci Rep.  2017","PubMed","citation","PMID:28596608 | PMCID:PMC5465179","pubmed","28596608","create date:2017/06/10 | first author:Deco G",
"Hierarchy of Information Processing in the Brain: A Novel 'Intrinsic Ignition' Framework.","/pubmed/28595052","Deco G, Kringelbach ML.","Neuron. 2017 Jun 7;94(5):961-968. doi: 10.1016/j.neuron.2017.03.028. Review.","Neuron.  2017","PubMed","citation","PMID:28595052","pubmed","28595052","create date:2017/06/09 | first author:Deco G",
"Spontaneous cortical activity is transiently poised close to criticality.","/pubmed/28542191","Hahn G, Ponce-Alvarez A, Monier C, Benvenuti G, Kumar A, Chavane F, Deco G, Frégnac Y.","PLoS Comput Biol. 2017 May 24;13(5):e1005543. doi: 10.1371/journal.pcbi.1005543. eCollection 2017 May.","PLoS Comput Biol.  2017","PubMed","citation","PMID:28542191 | PMCID:PMC5464673","pubmed","28542191","create date:2017/05/26 | first author:Hahn G",
"Understanding principles of integration and segregation using whole-brain computational connectomics: implications for neuropsychiatric disorders.","/pubmed/28507228","Lord LD, Stevner AB, Deco G, Kringelbach ML.","Philos Trans A Math Phys Eng Sci. 2017 Jun 28;375(2096). pii: 20160283. doi: 10.1098/rsta.2016.0283. Review.","Philos Trans A Math Phys Eng Sci.  2017","PubMed","citation","PMID:28507228 | PMCID:PMC5434074","pubmed","28507228","create date:2017/05/17 | first author:Lord LD",
"Metastability in Senescence.","/pubmed/28499740","Naik S, Banerjee A, Bapi RS, Deco G, Roy D.","Trends Cogn Sci. 2017 Jul;21(7):509-521. doi: 10.1016/j.tics.2017.04.007. Epub 2017 May 9. Review.","Trends Cogn Sci.  2017","PubMed","citation","PMID:28499740","pubmed","28499740","create date:2017/05/14 | first author:Naik S",
"Detection of recurrent activation patterns across focal seizures: Application to seizure onset zone identification.","/pubmed/28433856","Vila-Vidal M, Principe A, Ley M, Deco G, Tauste Campo A, Rocamora R.","Clin Neurophysiol. 2017 Jun;128(6):977-985. doi: 10.1016/j.clinph.2017.03.040. Epub 2017 Apr 3.","Clin Neurophysiol.  2017","PubMed","citation","PMID:28433856","pubmed","28433856","create date:2017/04/24 | first author:Vila-Vidal M",
"Functional connectivity dynamically evolves on multiple time-scales over a static structural connectome: Models and mechanisms.","/pubmed/28343985","Cabral J, Kringelbach ML, Deco G.","Neuroimage. 2017 Oct 15;160:84-96. doi: 10.1016/j.neuroimage.2017.03.045. Epub 2017 Mar 23. Review.","Neuroimage.  2017","PubMed","citation","PMID:28343985","pubmed","28343985","create date:2017/03/28 | first author:Cabral J",
"Decreased integration and information capacity in stroke measured by whole brain models of resting state activity.","/pubmed/28334882","Adhikari MH, Hacker CD, Siegel JS, Griffa A, Hagmann P, Deco G, Corbetta M.","Brain. 2017 Apr 1;140(4):1068-1085. doi: 10.1093/brain/awx021.","Brain.  2017","PubMed","citation","PMID:28334882 | PMCID:PMC6075429","pubmed","28334882","create date:2017/03/24 | first author:Adhikari MH",
"Single or multiple frequency generators in on-going brain activity: A mechanistic whole-brain model of empirical MEG data.","/pubmed/28315461","Deco G, Cabral J, Woolrich MW, Stevner ABA, van Hartevelt TJ, Kringelbach ML.","Neuroimage. 2017 May 15;152:538-550. doi: 10.1016/j.neuroimage.2017.03.023. Epub 2017 Mar 15.","Neuroimage.  2017","PubMed","citation","PMID:28315461 | PMCID:PMC5440176","pubmed","28315461","create date:2017/03/21 | first author:Deco G",
"Multiple Choice Neurodynamical Model of the Uncertain Option Task.","/pubmed/28076355","Insabato A, Pannunzi M, Deco G.","PLoS Comput Biol. 2017 Jan 11;13(1):e1005250. doi: 10.1371/journal.pcbi.1005250. eCollection 2017 Jan.","PLoS Comput Biol.  2017","PubMed","citation","PMID:28076355 | PMCID:PMC5226718","pubmed","28076355","create date:2017/01/12 | first author:Insabato A",
"Cortical rich club regions can organize state-dependent functional network formation by engaging in oscillatory behavior.","/pubmed/27989843","Senden M, Reuter N, van den Heuvel MP, Goebel R, Deco G.","Neuroimage. 2017 Feb 1;146:561-574. doi: 10.1016/j.neuroimage.2016.10.044. Epub 2016 Oct 29.","Neuroimage.  2017","PubMed","citation","PMID:27989843","pubmed","27989843","create date:2016/12/19 | first author:Senden M",
"Functional complexity emerging from anatomical constraints in the brain: the significance of network modularity and rich-clubs.","/pubmed/27917958","Zamora-López G, Chen Y, Deco G, Kringelbach ML, Zhou C.","Sci Rep. 2016 Dec 5;6:38424. doi: 10.1038/srep38424.","Sci Rep.  2016","PubMed","citation","PMID:27917958 | PMCID:PMC5137167","pubmed","27917958","create date:2016/12/06 | first author:Zamora-López G",
"Environmental factors linked to depression vulnerability are associated with altered cerebellar resting-state synchronization.","/pubmed/27892484","Córdova-Palomera A, Tornador C, Falcón C, Bargalló N, Brambilla P, Crespo-Facorro B, Deco G, Fañanás L.","Sci Rep. 2016 Nov 28;6:37384. doi: 10.1038/srep37384.","Sci Rep.  2016","PubMed","citation","PMID:27892484 | PMCID:PMC5124945","pubmed","27892484","create date:2016/11/29 | first author:Córdova-Palomera A",
"Insights into Brain Architectures from the Homological Scaffolds of Functional Connectivity Networks.","/pubmed/27877115","Lord LD, Expert P, Fernandes HM, Petri G, Van Hartevelt TJ, Vaccarino F, Deco G, Turkheimer F, Kringelbach ML.","Front Syst Neurosci. 2016 Nov 8;10:85. eCollection 2016.","Front Syst Neurosci.  2016","PubMed","citation","PMID:27877115 | PMCID:PMC5099524","pubmed","27877115","create date:2016/11/24 | first author:Lord LD",
"The most relevant human brain regions for functional connectivity: Evidence for a dynamical workspace of binding nodes from whole-brain computational modelling.","/pubmed/27825955","Deco G, Van Hartevelt TJ, Fernandes HM, Stevner A, Kringelbach ML.","Neuroimage. 2017 Feb 1;146:197-210. doi: 10.1016/j.neuroimage.2016.10.047. Epub 2016 Nov 5.","Neuroimage.  2017","PubMed","citation","PMID:27825955","pubmed","27825955","create date:2016/11/09 | first author:Deco G",
"Neural correlates of metacognition: A critical perspective on current tasks.","/pubmed/27587004","Insabato A, Pannunzi M, Deco G.","Neurosci Biobehav Rev. 2016 Dec;71:167-175. doi: 10.1016/j.neubiorev.2016.08.030. Epub 2016 Aug 30. Review.","Neurosci Biobehav Rev.  2016","PubMed","citation","PMID:27587004","pubmed","27587004","create date:2016/10/30 | first author:Insabato A",
"Do Bilinguals Automatically Activate Their Native Language When They Are Not Using It?","/pubmed/27766658","Costa A, Pannunzi M, Deco G, Pickering MJ.","Cogn Sci. 2017 Aug;41(6):1629-1644. doi: 10.1111/cogs.12434. Epub 2016 Oct 20. Erratum in: Cogn Sci. 2018 Jan;42(1):365. ","Cogn Sci.  2017","PubMed","citation","PMID:27766658","pubmed","27766658","create date:2016/10/22 | first author:Costa A",
"Non-reward neural mechanisms in the orbitofrontal cortex.","/pubmed/27474915","Rolls ET, Deco G.","Cortex. 2016 Oct;83:27-38. doi: 10.1016/j.cortex.2016.06.023. Epub 2016 Jul 15.","Cortex.  2016","PubMed","citation","PMID:27474915","pubmed","27474915","create date:2016/07/31 | first author:Rolls ET",
"Discrepancies between Multi-Electrode LFP and CSD Phase-Patterns: A Forward Modeling Study.","/pubmed/27471451","Hindriks R, Arsiwalla XD, Panagiotaropoulos T, Besserve M, Verschure PF, Logothetis NK, Deco G.","Front Neural Circuits. 2016 Jul 15;10:51. doi: 10.3389/fncir.2016.00051. eCollection 2016.","Front Neural Circuits.  2016","PubMed","citation","PMID:27471451 | PMCID:PMC4945652","pubmed","27471451","create date:2016/07/30 | first author:Hindriks R",
"Learning a New Selection Rule in Visual and Frontal Cortex.","/pubmed/27269960","van der Togt C, Stănişor L, Pooresmaeili A, Albantakis L, Deco G, Roelfsema PR.","Cereb Cortex. 2016 Aug;26(8):3611-26. doi: 10.1093/cercor/bhw155. Epub 2016 Jun 6.","Cereb Cortex.  2016","PubMed","citation","PMID:27269960 | PMCID:PMC4961027","pubmed","27269960","create date:2016/06/09 | first author:van der Togt C",
"Does the regulation of local excitation-inhibition balance aid in recovery of functional connectivity? A computational account.","/pubmed/27177761","Vattikonda A, Surampudi BR, Banerjee A, Deco G, Roy D.","Neuroimage. 2016 Aug 1;136:57-67. doi: 10.1016/j.neuroimage.2016.05.002. Epub 2016 May 10.","Neuroimage.  2016","PubMed","citation","PMID:27177761","pubmed","27177761","create date:2016/05/15 | first author:Vattikonda A",
"Metastability and Coherence: Extending the Communication through Coherence Hypothesis Using a Whole-Brain Computational Perspective.","/pubmed/27131472","Deco G, Kringelbach M.","Trends Neurosci. 2016 Jun;39(6):432. doi: 10.1016/j.tins.2016.04.006. Epub 2016 Apr 27. No abstract available. ","Trends Neurosci.  2016","PubMed","citation","PMID:27131472","pubmed","27131472","create date:2016/05/02 | first author:Deco G",
"Dynamic functional connectivity reveals altered variability in functional connectivity among patients with major depressive disorder.","/pubmed/27120982","Demirtaş M, Tornador C, Falcón C, López-Solà M, Hernández-Ribas R, Pujol J, Menchón JM, Ritter P, Cardoner N, Soriano-Mas C, Deco G.","Hum Brain Mapp. 2016 Aug;37(8):2918-30. doi: 10.1002/hbm.23215. Epub 2016 Apr 28.","Hum Brain Mapp.  2016","PubMed","citation","PMID:27120982 | PMCID:PMC5074271","pubmed","27120982","create date:2016/04/29 | first author:Demirtaş M",
"Estimation of Directed Effective Connectivity from fMRI Functional Connectivity Hints at Asymmetries of Cortical Connectome.","/pubmed/26982185","Gilson M, Moreno-Bote R, Ponce-Alvarez A, Ritter P, Deco G.","PLoS Comput Biol. 2016 Mar 16;12(3):e1004762. doi: 10.1371/journal.pcbi.1004762. eCollection 2016 Mar.","PLoS Comput Biol.  2016","PubMed","citation","PMID:26982185 | PMCID:PMC4794215","pubmed","26982185","create date:2016/03/18 | first author:Gilson M",
"Altered resting-state whole-brain functional networks of neonates with intrauterine growth restriction.","/pubmed/26927726","Batalle D, Muñoz-Moreno E, Tornador C, Bargallo N, Deco G, Eixarch E, Gratacos E.","Cortex. 2016 Apr;77:119-131. doi: 10.1016/j.cortex.2016.01.012. Epub 2016 Jan 29.","Cortex.  2016","PubMed","citation","PMID:26927726","pubmed","26927726","create date:2016/03/02 | first author:Batalle D",
"Confidence through consensus: a neural mechanism for uncertainty monitoring.","/pubmed/26907162","Paz L, Insabato A, Zylberberg A, Deco G, Sigman M.","Sci Rep. 2016 Feb 24;6:21830. doi: 10.1038/srep21830.","Sci Rep.  2016","PubMed","citation","PMID:26907162 | PMCID:PMC4764837","pubmed","26907162","create date:2016/02/26 | first author:Paz L",
"Hippocampal Sharp-Wave Ripples Influence Selective Activation of the Default Mode Network.","/pubmed/26898464","Kaplan R, Adhikari MH, Hindriks R, Mantini D, Murayama Y, Logothetis NK, Deco G.","Curr Biol. 2016 Mar 7;26(5):686-91. doi: 10.1016/j.cub.2016.01.017. Epub 2016 Feb 18.","Curr Biol.  2016","PubMed","citation","PMID:26898464 | PMCID:PMC4791429","pubmed","26898464","create date:2016/02/24 | first author:Kaplan R",
"Metastability and Coherence: Extending the Communication through Coherence Hypothesis Using A Whole-Brain Computational Perspective.","/pubmed/26833259","Deco G, Kringelbach ML.","Trends Neurosci. 2016 Mar;39(3):125-135. doi: 10.1016/j.tins.2016.01.001. Epub 2016 Jan 29. Review. Erratum in: Trends Neurosci. 2016 Jun;39(6):432. ","Trends Neurosci.  2016","PubMed","citation","PMID:26833259","pubmed","26833259","create date:2016/02/03 | first author:Deco G",
"Network Events on Multiple Space and Time Scales in Cultured Neural Networks and in a Stochastic Rate Model.","/pubmed/26558616","Gigante G, Deco G, Marom S, Del Giudice P.","PLoS Comput Biol. 2015 Nov 11;11(11):e1004547. doi: 10.1371/journal.pcbi.1004547. eCollection 2015 Nov.","PLoS Comput Biol.  2015","PubMed","citation","PMID:26558616 | PMCID:PMC4641680","pubmed","26558616","create date:2015/11/13 | first author:Gigante G",
"The Encoding of Decision Difficulty and Movement Time in the Primate Premotor Cortex.","/pubmed/26556807","Martinez-Garcia M, Insabato A, Pannunzi M, Pardo-Vazquez JL, Acuña C, Deco G.","PLoS Comput Biol. 2015 Nov 10;11(11):e1004502. doi: 10.1371/journal.pcbi.1004502. eCollection 2015 Nov.","PLoS Comput Biol.  2015","PubMed","citation","PMID:26556807 | PMCID:PMC4640568","pubmed","26556807","create date:2015/11/12 | first author:Martinez-Garcia M",
"The Rediscovery of Slowness: Exploring the Timing of Cognition.","/pubmed/26412099","Kringelbach ML, McIntosh AR, Ritter P, Jirsa VK, Deco G.","Trends Cogn Sci. 2015 Oct;19(10):616-628. doi: 10.1016/j.tics.2015.07.011. Review.","Trends Cogn Sci.  2015","PubMed","citation","PMID:26412099","pubmed","26412099","create date:2015/09/29 | first author:Kringelbach ML",
"Task-Driven Activity Reduces the Cortical Activity Space of the Brain: Experiment and Whole-Brain Modeling.","/pubmed/26317432","Ponce-Alvarez A, He BJ, Hagmann P, Deco G.","PLoS Comput Biol. 2015 Aug 28;11(8):e1004445. doi: 10.1371/journal.pcbi.1004445. eCollection 2015 Aug.","PLoS Comput Biol.  2015","PubMed","citation","PMID:26317432 | PMCID:PMC4552873","pubmed","26317432","create date:2015/09/01 | first author:Ponce-Alvarez A",
"Evidence from a rare case study for Hebbian-like changes in structural connectivity induced by long-term deep brain stimulation.","/pubmed/26175675","van Hartevelt TJ, Cabral J, Møller A, FitzGerald JJ, Green AL, Aziz TZ, Deco G, Kringelbach ML.","Front Behav Neurosci. 2015 Jun 30;9:167. doi: 10.3389/fnbeh.2015.00167. eCollection 2015.","Front Behav Neurosci.  2015","PubMed","citation","PMID:26175675 | PMCID:PMC4485173","pubmed","26175675","create date:2015/07/16 | first author:van Hartevelt TJ",
"Altered amygdalar resting-state connectivity in depression is explained by both genes and environment.","/pubmed/26096943","Córdova-Palomera A, Tornador C, Falcón C, Bargalló N, Nenadic I, Deco G, Fañanás L.","Hum Brain Mapp. 2015 Oct;36(10):3761-76. doi: 10.1002/hbm.22876. Epub 2015 Jun 19.","Hum Brain Mapp.  2015","PubMed","citation","PMID:26096943","pubmed","26096943","create date:2015/06/23 | first author:Córdova-Palomera A",
"Rethinking segregation and integration: contributions of whole-brain modelling.","/pubmed/26081790","Deco G, Tononi G, Boly M, Kringelbach ML.","Nat Rev Neurosci. 2015 Jul;16(7):430-9. doi: 10.1038/nrn3963. Epub 2015 Jun 17. Review.","Nat Rev Neurosci.  2015","PubMed","citation","PMID:26081790","pubmed","26081790","create date:2015/06/18 | first author:Deco G",
"Computational modeling of resting-state activity demonstrates markers of normalcy in children with prenatal or perinatal stroke.","/pubmed/26063923","Adhikari MH, Raja Beharelle A, Griffa A, Hagmann P, Solodkin A, McIntosh AR, Small SL, Deco G.","J Neurosci. 2015 Jun 10;35(23):8914-24. doi: 10.1523/JNEUROSCI.4560-14.2015.","J Neurosci.  2015","PubMed","citation","PMID:26063923 | PMCID:PMC4589568","pubmed","26063923","create date:2015/06/13 | first author:Adhikari MH",
"Task-driven intra- and interarea communications in primate cerebral cortex.","/pubmed/25825731","Tauste Campo A, Martinez-Garcia M, Nácher V, Luna R, Romo R, Deco G.","Proc Natl Acad Sci U S A. 2015 Apr 14;112(15):4761-6. doi: 10.1073/pnas.1503937112. Epub 2015 Mar 30.","Proc Natl Acad Sci U S A.  2015","PubMed","citation","PMID:25825731 | PMCID:PMC4403173","pubmed","25825731","create date:2015/04/01 | first author:Tauste Campo A",
"Gradual emergence of spontaneous correlated brain activity during fading of general anesthesia in rats: Evidences from fMRI and local field potentials.","/pubmed/25804643","Bettinardi RG, Tort-Colet N, Ruiz-Mejias M, Sanchez-Vives MV, Deco G.","Neuroimage. 2015 Jul 1;114:185-98. doi: 10.1016/j.neuroimage.2015.03.037. Epub 2015 Mar 21.","Neuroimage.  2015","PubMed","citation","PMID:25804643 | PMCID:PMC4461308","pubmed","25804643","create date:2015/03/26 | first author:Bettinardi RG",
"Network dynamics with BrainX(3): a large-scale simulation of the human brain network with real-time interaction.","/pubmed/25759649","Arsiwalla XD, Zucca R, Betella A, Martinez E, Dalmazzo D, Omedas P, Deco G, Verschure PF.","Front Neuroinform. 2015 Feb 24;9:02. doi: 10.3389/fninf.2015.00002. eCollection 2015.","Front Neuroinform.  2015","PubMed","citation","PMID:25759649 | PMCID:PMC4338755","pubmed","25759649","create date:2015/03/12 | first author:Arsiwalla XD",
"Resting-state temporal synchronization networks emerge from connectivity topology and heterogeneity.","/pubmed/25692996","Ponce-Alvarez A, Deco G, Hagmann P, Romani GL, Mantini D, Corbetta M.","PLoS Comput Biol. 2015 Feb 18;11(2):e1004100. doi: 10.1371/journal.pcbi.1004100. eCollection 2015 Feb.","PLoS Comput Biol.  2015","PubMed","citation","PMID:25692996 | PMCID:PMC4333573","pubmed","25692996","create date:2015/02/19 | first author:Ponce-Alvarez A",
"Stochastic cortical neurodynamics underlying the memory and cognitive changes in aging.","/pubmed/25536108","Rolls ET, Deco G.","Neurobiol Learn Mem. 2015 Feb;118:150-61. doi: 10.1016/j.nlm.2014.12.003. Epub 2014 Dec 20.","Neurobiol Learn Mem.  2015","PubMed","citation","PMID:25536108","pubmed","25536108","create date:2014/12/24 | first author:Rolls ET",
"Deconstructing multisensory enhancement in detection.","/pubmed/25520431","Pannunzi M, Pérez-Bellido A, Pereda-Baños A, López-Moliner J, Deco G, Soto-Faraco S.","J Neurophysiol. 2015 Mar 15;113(6):1800-18. doi: 10.1152/jn.00341.2014. Epub 2014 Dec 17.","J Neurophysiol.  2015","PubMed","citation","PMID:25520431 | PMCID:PMC4359994","pubmed","25520431","create date:2014/12/19 | first author:Pannunzi M",
"Great expectations: using whole-brain computational connectomics for understanding neuropsychiatric disorders.","/pubmed/25475184","Deco G, Kringelbach ML.","Neuron. 2014 Dec 3;84(5):892-905. doi: 10.1016/j.neuron.2014.08.034. Review.","Neuron.  2014","PubMed","citation","PMID:25475184","pubmed","25475184","create date:2014/12/06 | first author:Deco G",
"Functional connectivity dynamics: modeling the switching behavior of the resting state.","/pubmed/25462790","Hansen EC, Battaglia D, Spiegler A, Deco G, Jirsa VK.","Neuroimage. 2015 Jan 15;105:525-35. doi: 10.1016/j.neuroimage.2014.11.001. Epub 2014 Nov 10.","Neuroimage.  2015","PubMed","citation","PMID:25462790","pubmed","25462790","create date:2014/12/03 | first author:Hansen EC",
"Networks for memory, perception, and decision-making, and beyond to how the syntax for language might be implemented in the brain.","/pubmed/25239476","Rolls ET, Deco G.","Brain Res. 2015 Sep 24;1621:316-34. doi: 10.1016/j.brainres.2014.09.021. Epub 2014 Sep 18. Review.","Brain Res.  2015","PubMed","citation","PMID:25239476","pubmed","25239476","create date:2014/09/23 | first author:Rolls ET",
"Intra-cortical propagation of EEG alpha oscillations.","/pubmed/25168275","Hindriks R, van Putten MJAM, Deco G.","Neuroimage. 2014 Dec;103:444-453. doi: 10.1016/j.neuroimage.2014.08.027. Epub 2014 Aug 27.","Neuroimage.  2014","PubMed","citation","PMID:25168275","pubmed","25168275","create date:2014/08/30 | first author:Hindriks R",
"Using the virtual brain to reveal the role of oscillations and plasticity in shaping brain's dynamical landscape.","/pubmed/25131838","Roy D, Sigala R, Breakspear M, McIntosh AR, Jirsa VK, Deco G, Ritter P.","Brain Connect. 2014 Dec;4(10):791-811. doi: 10.1089/brain.2014.0252.","Brain Connect.  2014","PubMed","citation","PMID:25131838","pubmed","25131838","create date:2014/08/19 | first author:Roy D",
"Structure-function discrepancy: inhomogeneity and delays in synchronized neural networks.","/pubmed/25078715","Ton R, Deco G, Daffertshofer A.","PLoS Comput Biol. 2014 Jul 31;10(7):e1003736. doi: 10.1371/journal.pcbi.1003736. eCollection 2014 Jul.","PLoS Comput Biol.  2014","PubMed","citation","PMID:25078715 | PMCID:PMC4117423","pubmed","25078715","create date:2014/08/01 | first author:Ton R",
"Identification of optimal structural connectivity using functional connectivity and neural modeling.","/pubmed/24899713","Deco G, McIntosh AR, Shen K, Hutchison RM, Menon RS, Everling S, Hagmann P, Jirsa VK.","J Neurosci. 2014 Jun 4;34(23):7910-6. doi: 10.1523/JNEUROSCI.4423-13.2014.","J Neurosci.  2014","PubMed","citation","PMID:24899713 | PMCID:PMC6608269","pubmed","24899713","create date:2014/06/06 | first author:Deco G",
"How local excitation-inhibition ratio impacts the whole brain dynamics.","/pubmed/24899711","Deco G, Ponce-Alvarez A, Hagmann P, Romani GL, Mantini D, Corbetta M.","J Neurosci. 2014 Jun 4;34(23):7886-98. doi: 10.1523/JNEUROSCI.5068-13.2014.","J Neurosci.  2014","PubMed","citation","PMID:24899711 | PMCID:PMC4044249","pubmed","24899711","create date:2014/06/06 | first author:Deco G",
"Tracing evolution of spatio-temporal dynamics of the cerebral cortex: cortico-cortical communication dynamics.","/pubmed/24847221","Roland PE, Hilgetag CC, Deco G.","Front Syst Neurosci. 2014 May 5;8:76. doi: 10.3389/fnsys.2014.00076. eCollection 2014. No abstract available. ","Front Syst Neurosci.  2014","PubMed","citation","PMID:24847221 | PMCID:PMC4017125","pubmed","24847221","create date:2014/05/23 | first author:Roland PE",
"Cortico-cortical communication dynamics.","/pubmed/24847217","Roland PE, Hilgetag CC, Deco G.","Front Syst Neurosci. 2014 May 5;8:19. doi: 10.3389/fnsys.2014.00019. eCollection 2014.","Front Syst Neurosci.  2014","PubMed","citation","PMID:24847217 | PMCID:PMC4017159","pubmed","24847217","create date:2014/05/23 | first author:Roland PE",
"The influence of spatiotemporal structure of noisy stimuli in decision making.","/pubmed/24743140","Insabato A, Dempere-Marco L, Pannunzi M, Deco G, Romo R.","PLoS Comput Biol. 2014 Apr 17;10(4):e1003492. doi: 10.1371/journal.pcbi.1003492. eCollection 2014 Apr. Review.","PLoS Comput Biol.  2014","PubMed","citation","PMID:24743140 | PMCID:PMC3990472","pubmed","24743140","create date:2014/04/20 | first author:Insabato A",
"Rich club organization supports a diverse set of functional network configurations.","/pubmed/24699017","Senden M, Deco G, de Reus MA, Goebel R, van den Heuvel MP.","Neuroimage. 2014 Aug 1;96:174-82. doi: 10.1016/j.neuroimage.2014.03.066. Epub 2014 Mar 31.","Neuroimage.  2014","PubMed","citation","PMID:24699017","pubmed","24699017","create date:2014/04/05 | first author:Senden M",
"Neural plasticity in human brain connectivity: the effects of long term deep brain stimulation of the subthalamic nucleus in Parkinson's disease.","/pubmed/24466120","van Hartevelt TJ, Cabral J, Deco G, Møller A, Green AL, Aziz TZ, Kringelbach ML.","PLoS One. 2014 Jan 22;9(1):e86496. doi: 10.1371/journal.pone.0086496. eCollection 2014.","PLoS One.  2014","PubMed","citation","PMID:24466120 | PMCID:PMC3899266","pubmed","24466120","create date:2014/01/28 | first author:van Hartevelt TJ",
"Exploring the network dynamics underlying brain activity during rest.","/pubmed/24389385","Cabral J, Kringelbach ML, Deco G.","Prog Neurobiol. 2014 Mar;114:102-31. doi: 10.1016/j.pneurobio.2013.12.005. Epub 2013 Dec 31. Review.","Prog Neurobiol.  2014","PubMed","citation","PMID:24389385","pubmed","24389385","create date:2014/01/07 | first author:Cabral J",
"Structural connectivity in schizophrenia and its impact on the dynamics of spontaneous functional networks.","/pubmed/24387590","Cabral J, Fernandes HM, Van Hartevelt TJ, James AC, Kringelbach ML, Deco G.","Chaos. 2013 Dec;23(4):046111. doi: 10.1063/1.4851117.","Chaos.  2013","PubMed","citation","PMID:24387590","pubmed","24387590","create date:2014/01/07 | first author:Cabral J",
"Complexity reduction of rate-equations models for two-choice decision-making.","/pubmed/24339885","Carrillo JA, Cordier S, Deco G, Mancini S.","PLoS One. 2013 Dec 5;8(12):e80820. doi: 10.1371/journal.pone.0080820. eCollection 2013.","PLoS One.  2013","PubMed","citation","PMID:24339885 | PMCID:PMC3855154","pubmed","24339885","create date:2013/12/18 | first author:Carrillo JA",
"Exploring mechanisms of spontaneous functional connectivity in MEG: how delayed network interactions lead to structured amplitude envelopes of band-pass filtered oscillations.","/pubmed/24321555","Cabral J, Luckhoo H, Woolrich M, Joensson M, Mohseni H, Baker A, Kringelbach ML, Deco G.","Neuroimage. 2014 Apr 15;90:423-35. doi: 10.1016/j.neuroimage.2013.11.047. Epub 2013 Dec 7.","Neuroimage.  2014","PubMed","citation","PMID:24321555","pubmed","24321555","create date:2013/12/11 | first author:Cabral J",
"How delays matter in an oscillatory whole-brain spiking-neuron network model for MEG alpha-rhythms at rest.","/pubmed/24246492","Nakagawa TT, Woolrich M, Luckhoo H, Joensson M, Mohseni H, Kringelbach ML, Jirsa V, Deco G.","Neuroimage. 2014 Feb 15;87:383-94. doi: 10.1016/j.neuroimage.2013.11.009. Epub 2013 Nov 16.","Neuroimage.  2014","PubMed","citation","PMID:24246492","pubmed","24246492","create date:2013/11/20 | first author:Nakagawa TT",
"Network bursting dynamics in excitatory cortical neuron cultures results from the combination of different adaptive mechanisms.","/pubmed/24146781","Masquelier T, Deco G.","PLoS One. 2013 Oct 11;8(10):e75824. doi: 10.1371/journal.pone.0075824. eCollection 2013. Erratum in: PLoS One. 2013;8(11). doi:10.1371/annotation/b7f972c2-57df-44c4-9d54-9f194222d762. ","PLoS One.  2013","PubMed","citation","PMID:24146781 | PMCID:PMC3795681","pubmed","24146781","create date:2013/10/23 | first author:Masquelier T",
"Coherent delta-band oscillations between cortical areas correlate with decision making.","/pubmed/23980180","Nácher V, Ledberg A, Deco G, Romo R.","Proc Natl Acad Sci U S A. 2013 Sep 10;110(37):15085-90. doi: 10.1073/pnas.1314681110. Epub 2013 Aug 26.","Proc Natl Acad Sci U S A.  2013","PubMed","citation","PMID:23980180 | PMCID:PMC3773764","pubmed","23980180","create date:2013/08/28 | first author:Nácher V",
"'If you are good, I get better': the role of social hierarchy in perceptual decision-making.","/pubmed/23946003","Santamaría-García H, Pannunzi M, Ayneto A, Deco G, Sebastián-Gallés N.","Soc Cogn Affect Neurosci. 2014 Oct;9(10):1489-97. doi: 10.1093/scan/nst133. Epub 2013 Aug 14.","Soc Cogn Affect Neurosci.  2014","PubMed","citation","PMID:23946003 | PMCID:PMC4187260","pubmed","23946003","create date:2013/08/16 | first author:Santamaría-García H",
"Stimulus-dependent variability and noise correlations in cortical MT neurons.","/pubmed/23878209","Ponce-Alvarez A, Thiele A, Albright TD, Stoner GR, Deco G.","Proc Natl Acad Sci U S A. 2013 Aug 6;110(32):13162-7. doi: 10.1073/pnas.1300098110. Epub 2013 Jul 22.","Proc Natl Acad Sci U S A.  2013","PubMed","citation","PMID:23878209 | PMCID:PMC3740826","pubmed","23878209","create date:2013/07/24 | first author:Ponce-Alvarez A",
"Modeling resting-state functional networks when the cortex falls asleep: local and global changes.","/pubmed/23845770","Deco G, Hagmann P, Hudetz AG, Tononi G.","Cereb Cortex. 2014 Dec;24(12):3180-94. doi: 10.1093/cercor/bht176. Epub 2013 Jul 10.","Cereb Cortex.  2014","PubMed","citation","PMID:23845770 | PMCID:PMC6317504","pubmed","23845770","create date:2013/07/13 | first author:Deco G",
"Resting-state functional connectivity emerges from structurally and dynamically shaped slow linear fluctuations.","/pubmed/23825427","Deco G, Ponce-Alvarez A, Mantini D, Romani GL, Hagmann P, Corbetta M.","J Neurosci. 2013 Jul 3;33(27):11239-52. doi: 10.1523/JNEUROSCI.1091-13.2013.","J Neurosci.  2013","PubMed","citation","PMID:23825427 | PMCID:PMC3718368","pubmed","23825427","create date:2013/07/05 | first author:Deco G",
"Spontaneous brain activity predicts learning ability of foreign sounds.","/pubmed/23719798","Ventura-Campos N, Sanjuán A, González J, Palomar-García MÁ, Rodríguez-Pujadas A, Sebastián-Gallés N, Deco G, Ávila C.","J Neurosci. 2013 May 29;33(22):9295-305. doi: 10.1523/JNEUROSCI.4655-12.2013.","J Neurosci.  2013","PubMed","citation","PMID:23719798 | PMCID:PMC6618579","pubmed","23719798","create date:2013/05/31 | first author:Ventura-Campos N",
"Bottom up modeling of the connectome: linking structure and function in the resting brain and their changes in aging.","/pubmed/23629050","Nakagawa TT, Jirsa VK, Spiegler A, McIntosh AR, Deco G.","Neuroimage. 2013 Oct 15;80:318-29. doi: 10.1016/j.neuroimage.2013.04.055. Epub 2013 Apr 26. Review.","Neuroimage.  2013","PubMed","citation","PMID:23629050","pubmed","23629050","create date:2013/05/01 | first author:Nakagawa TT",
"Neural variability in premotor cortex is modulated by trial history and predicts behavioral performance.","/pubmed/23622062","Marcos E, Pani P, Brunamonti E, Deco G, Ferraina S, Verschure P.","Neuron. 2013 Apr 24;78(2):249-55. doi: 10.1016/j.neuron.2013.02.006.","Neuron.  2013","PubMed","citation","PMID:23622062","pubmed","23622062","create date:2013/04/30 | first author:Marcos E",
"Holding multiple items in short term memory: a neural mechanism.","/pubmed/23613789","Rolls ET, Dempere-Marco L, Deco G.","PLoS One. 2013 Apr 16;8(4):e61078. doi: 10.1371/journal.pone.0061078. Print 2013.","PLoS One.  2013","PubMed","citation","PMID:23613789 | PMCID:PMC3628858","pubmed","23613789","create date:2013/04/25 | first author:Rolls ET",
"Resting brains never rest: computational insights into potential cognitive architectures.","/pubmed/23561718","Deco G, Jirsa VK, McIntosh AR.","Trends Neurosci. 2013 May;36(5):268-74. doi: 10.1016/j.tins.2013.03.001. Epub 2013 Apr 2. Erratum in: Trends Neurosci. 2018 Jan 6;:. ","Trends Neurosci.  2013","PubMed","citation","PMID:23561718","pubmed","23561718","create date:2013/04/09 | first author:Deco G",
"Multi-stable perception balances stability and sensitivity.","/pubmed/23518509","Pastukhov A, García-Rodríguez PE, Haenicke J, Guillamon A, Deco G, Braun J.","Front Comput Neurosci. 2013 Mar 20;7:17. doi: 10.3389/fncom.2013.00017. eCollection 2013.","Front Comput Neurosci.  2013","PubMed","citation","PMID:23518509 | PMCID:PMC3602966","pubmed","23518509","create date:2013/03/23 | first author:Pastukhov A",
"A common neurodynamical mechanism could mediate externally induced and intrinsically generated transitions in visual awareness.","/pubmed/23349748","Panagiotaropoulos TI, Kapoor V, Logothetis NK, Deco G.","PLoS One. 2013;8(1):e53833. doi: 10.1371/journal.pone.0053833. Epub 2013 Jan 17.","PLoS One.  2013","PubMed","citation","PMID:23349748 | PMCID:PMC3547944","pubmed","23349748","create date:2013/01/26 | first author:Panagiotaropoulos TI",
"Theory and simulation in neuroscience.","/pubmed/23042882","Gerstner W, Sprekeler H, Deco G.","Science. 2012 Oct 5;338(6103):60-5. doi: 10.1126/science.1227356. Review.","Science.  2012","PubMed","citation","PMID:23042882","pubmed","23042882","create date:2012/10/09 | first author:Gerstner W",
"How anatomy shapes dynamics: a semi-analytical study of the brain at rest by a simple spin model.","/pubmed/23024632","Deco G, Senden M, Jirsa V.","Front Comput Neurosci. 2012 Sep 20;6:68. eCollection 2012.","Front Comput Neurosci.  2012","PubMed","citation","PMID:23024632 | PMCID:PMC3447303","pubmed","23024632","create date:2012/10/02 | first author:Deco G",
"Synaptic depression and slow oscillatory activity in a biophysical network model of the cerebral cortex.","/pubmed/22973221","Benita JM, Guillamon A, Deco G, Sanchez-Vives MV.","Front Comput Neurosci. 2012 Aug 28;6:64. doi: 10.3389/fncom.2012.00064. eCollection 2012.","Front Comput Neurosci.  2012","PubMed","citation","PMID:22973221 | PMCID:PMC3428579","pubmed","22973221","create date:2012/09/14 | first author:Benita JM",
"Learning selective top-down control enhances performance in a visual categorization task.","/pubmed/22972954","Pannunzi M, Gigante G, Mattia M, Deco G, Fusi S, Del Giudice P.","J Neurophysiol. 2012 Dec;108(11):3124-37. doi: 10.1152/jn.00208.2012. Epub 2012 Sep 12.","J Neurophysiol.  2012","PubMed","citation","PMID:22972954","pubmed","22972954","create date:2012/09/14 | first author:Pannunzi M",
"Effective visual working memory capacity: an emergent effect from the neural dynamics in an attractor network.","/pubmed/22952608","Dempere-Marco L, Melcher DP, Deco G.","PLoS One. 2012;7(8):e42719. doi: 10.1371/journal.pone.0042719. Epub 2012 Aug 29. Erratum in: PLoS One. 2012;7(10). doi:10.1371/annotation/85fd1653-3473-4218-89e2-9a0c60ea704e. ","PLoS One.  2012","PubMed","citation","PMID:22952608 | PMCID:PMC3430714","pubmed","22952608","create date:2012/09/07 | first author:Dempere-Marco L",
"A multiple-choice task with changes of mind.","/pubmed/22916216","Albantakis L, Branzi FM, Costa A, Deco G.","PLoS One. 2012;7(8):e43131. doi: 10.1371/journal.pone.0043131. Epub 2012 Aug 16.","PLoS One.  2012","PubMed","citation","PMID:22916216 | PMCID:PMC3420910","pubmed","22916216","create date:2012/08/24 | first author:Albantakis L",
"Perception and self-organized instability.","/pubmed/22783185","Friston K, Breakspear M, Deco G.","Front Comput Neurosci. 2012 Jul 6;6:44. doi: 10.3389/fncom.2012.00044. eCollection 2012.","Front Comput Neurosci.  2012","PubMed","citation","PMID:22783185 | PMCID:PMC3390798","pubmed","22783185","create date:2012/07/12 | first author:Friston K",
"Communication before coherence.","/pubmed/22779805","Rolls ET, Webb TJ, Deco G.","Eur J Neurosci. 2012 Sep;36(5):2689-709. doi: 10.1111/j.1460-9568.2012.08188.x. Epub 2012 Jul 11.","Eur J Neurosci.  2012","PubMed","citation","PMID:22779805","pubmed","22779805","create date:2012/07/12 | first author:Rolls ET",
"Modeling the outcome of structural disconnection on resting-state functional connectivity.","/pubmed/22705375","Cabral J, Hugues E, Kringelbach ML, Deco G.","Neuroimage. 2012 Sep;62(3):1342-53. doi: 10.1016/j.neuroimage.2012.06.007. Epub 2012 Jun 13.","Neuroimage.  2012","PubMed","citation","PMID:22705375","pubmed","22705375","create date:2012/06/19 | first author:Cabral J",
"Neuronal discharges and gamma oscillations explicitly reflect visual consciousness in the lateral prefrontal cortex.","/pubmed/22681695","Panagiotaropoulos TI, Deco G, Kapoor V, Logothetis NK.","Neuron. 2012 Jun 7;74(5):924-35. doi: 10.1016/j.neuron.2012.04.013. Erratum in: Neuron. 2012 Jun 21;74(6):1139. ","Neuron.  2012","PubMed","citation","PMID:22681695","pubmed","22681695","create date:2012/06/12 | first author:Panagiotaropoulos TI",
"Neural network mechanisms underlying stimulus driven variability reduction.","/pubmed/22479168","Deco G, Hugues E.","PLoS Comput Biol. 2012;8(3):e1002395. doi: 10.1371/journal.pcbi.1002395. Epub 2012 Mar 29.","PLoS Comput Biol.  2012","PubMed","citation","PMID:22479168 | PMCID:PMC3315452","pubmed","22479168","create date:2012/04/06 | first author:Deco G",
"Ongoing cortical activity at rest: criticality, multistability, and ghost attractors.","/pubmed/22399758","Deco G, Jirsa VK.","J Neurosci. 2012 Mar 7;32(10):3366-75. doi: 10.1523/JNEUROSCI.2523-11.2012.","J Neurosci.  2012","PubMed","citation","PMID:22399758 | PMCID:PMC6621046","pubmed","22399758","create date:2012/03/09 | first author:Deco G",
"Structural connectivity allows for multi-threading during rest: the structure of the cortex leads to efficient alternation between resting state exploratory behavior and default mode processing.","/pubmed/22394674","Senden M, Goebel R, Deco G.","Neuroimage. 2012 May 1;60(4):2274-84. doi: 10.1016/j.neuroimage.2012.02.061. Epub 2012 Feb 28.","Neuroimage.  2012","PubMed","citation","PMID:22394674","pubmed","22394674","create date:2012/03/08 | first author:Senden M",
"Perceptual learning with perceptions.","/pubmed/22379494","Stemme A, Deco G, Lang EW.","Cogn Neurodyn. 2011 Mar;5(1):31-43. doi: 10.1007/s11571-010-9134-9. Epub 2010 Oct 1.","Cogn Neurodyn.  2011","PubMed","citation","PMID:22379494 | PMCID:PMC3045502","pubmed","22379494","create date:2012/03/02 | first author:Stemme A",
"Balanced input allows optimal encoding in a stochastic binary neural network model: an analytical study.","/pubmed/22359550","Deco G, Hugues E.","PLoS One. 2012;7(2):e30723. doi: 10.1371/journal.pone.0030723. Epub 2012 Feb 16.","PLoS One.  2012","PubMed","citation","PMID:22359550 | PMCID:PMC3281140","pubmed","22359550","create date:2012/02/24 | first author:Deco G",
"Brain mechanisms for perceptual and reward-related decision-making.","/pubmed/22326926","Deco G, Rolls ET, Albantakis L, Romo R.","Prog Neurobiol. 2013 Apr;103:194-213. doi: 10.1016/j.pneurobio.2012.01.010. Epub 2012 Feb 2. Review.","Prog Neurobiol.  2013","PubMed","citation","PMID:22326926","pubmed","22326926","create date:2012/02/14 | first author:Deco G",
"Cortical microcircuit dynamics mediating binocular rivalry: the role of adaptation in inhibition.","/pubmed/22164140","Theodoni P, Panagiotaropoulos TI, Kapoor V, Logothetis NK, Deco G.","Front Hum Neurosci. 2011 Nov 28;5:145. doi: 10.3389/fnhum.2011.00145. eCollection 2011.","Front Hum Neurosci.  2011","PubMed","citation","PMID:22164140 | PMCID:PMC3224982","pubmed","22164140","create date:2011/12/14 | first author:Theodoni P",
"Slow Modulation of Ongoing Discharge in the Auditory Cortex during an Interval-Discrimination Task.","/pubmed/22022308","Abolafia JM, Martinez-Garcia M, Deco G, Sanchez-Vives MV.","Front Integr Neurosci. 2011 Oct 19;5:60. doi: 10.3389/fnint.2011.00060. eCollection 2011.","Front Integr Neurosci.  2011","PubMed","citation","PMID:22022308 | PMCID:PMC3197084","pubmed","22022308","create date:2011/10/25 | first author:Abolafia JM",
"Noise in attractor networks in the brain produced by graded firing rate representations.","/pubmed/21931607","Webb TJ, Rolls ET, Deco G, Feng J.","PLoS One. 2011;6(9):e23630. doi: 10.1371/journal.pone.0023630. Epub 2011 Sep 8.","PLoS One.  2011","PubMed","citation","PMID:21931607 | PMCID:PMC3169549","pubmed","21931607","create date:2011/09/21 | first author:Webb TJ",
"The timing of vision - how neural processing links to different temporal dynamics.","/pubmed/21747774","Masquelier T, Albantakis L, Deco G.","Front Psychol. 2011 Jun 30;2:151. doi: 10.3389/fpsyg.2011.00151. eCollection 2011.","Front Psychol.  2011","PubMed","citation","PMID:21747774 | PMCID:PMC3129241","pubmed","21747774","create date:2011/07/13 | first author:Masquelier T",
"Changes of mind in an attractor network of decision-making.","/pubmed/21731482","Albantakis L, Deco G.","PLoS Comput Biol. 2011 Jun;7(6):e1002086. doi: 10.1371/journal.pcbi.1002086. Epub 2011 Jun 23.","PLoS Comput Biol.  2011","PubMed","citation","PMID:21731482 | PMCID:PMC3121686","pubmed","21731482","create date:2011/07/07 | first author:Albantakis L",
"Neural and computational mechanisms of postponed decisions.","/pubmed/21709222","Martínez-García M, Rolls ET, Deco G, Romo R.","Proc Natl Acad Sci U S A. 2011 Jul 12;108(28):11626-31. doi: 10.1073/pnas.1108137108. Epub 2011 Jun 27.","Proc Natl Acad Sci U S A.  2011","PubMed","citation","PMID:21709222 | PMCID:PMC3136325","pubmed","21709222","create date:2011/06/29 | first author:Martínez-García M",
"Cholinergic control of cortical network interactions enables feedback-mediated attentional modulation.","/pubmed/21692884","Deco G, Thiele A.","Eur J Neurosci. 2011 Jul;34(1):146-57. doi: 10.1111/j.1460-9568.2011.07749.x. Epub 2011 Jun 21.","Eur J Neurosci.  2011","PubMed","citation","PMID:21692884","pubmed","21692884","create date:2011/06/23 | first author:Deco G",
"Role of local network oscillations in resting-state functional connectivity.","/pubmed/21511044","Cabral J, Hugues E, Sporns O, Deco G.","Neuroimage. 2011 Jul 1;57(1):130-139. doi: 10.1016/j.neuroimage.2011.04.010. Epub 2011 Apr 12.","Neuroimage.  2011","PubMed","citation","PMID:21511044","pubmed","21511044","create date:2011/04/23 | first author:Cabral J",
"Prediction of Decisions from Noise in the Brain before the Evidence is Provided.","/pubmed/21441998","Rolls ET, Deco G.","Front Neurosci. 2011 Mar 17;5:33. doi: 10.3389/fnins.2011.00033. eCollection 2011.","Front Neurosci.  2011","PubMed","citation","PMID:21441998 | PMCID:PMC3062101","pubmed","21441998","create date:2011/03/29 | first author:Rolls ET",
"The role of rhythmic neural synchronization in rest and task conditions.","/pubmed/21326617","Deco G, Buehlmann A, Masquelier T, Hugues E.","Front Hum Neurosci. 2011 Feb 7;5:4. doi: 10.3389/fnhum.2011.00004. eCollection 2011.","Front Hum Neurosci.  2011","PubMed","citation","PMID:21326617 | PMCID:PMC3035810","pubmed","21326617","create date:2011/02/18 | first author:Deco G",
"Bridging the gap between physiology and behavior: evidence from the sSoTS model of human visual attention.","/pubmed/21244184","Mavritsaki E, Heinke D, Allen H, Deco G, Humphreys GW.","Psychol Rev. 2011 Jan;118(1):3-41. doi: 10.1037/a0021868.","Psychol Rev.  2011","PubMed","citation","PMID:21244184","pubmed","21244184","create date:2011/01/20 | first author:Mavritsaki E",
"Neuronal adaptation effects in decision making.","/pubmed/21209209","Theodoni P, Kovács G, Greenlee MW, Deco G.","J Neurosci. 2011 Jan 5;31(1):234-46. doi: 10.1523/JNEUROSCI.2757-10.2011.","J Neurosci.  2011","PubMed","citation","PMID:21209209 | PMCID:PMC6622733","pubmed","21209209","create date:2011/01/07 | first author:Theodoni P",
"The dynamical balance of the brain at rest.","/pubmed/21196530","Deco G, Corbetta M.","Neuroscientist. 2011 Feb;17(1):107-23. doi: 10.1177/1073858409354384. Epub 2010 Dec 31. Review.","Neuroscientist.  2011","PubMed","citation","PMID:21196530 | PMCID:PMC4139497","pubmed","21196530","create date:2011/01/05 | first author:Deco G",
"Emerging concepts for the dynamical organization of resting-state activity in the brain.","/pubmed/21170073","Deco G, Jirsa VK, McIntosh AR.","Nat Rev Neurosci. 2011 Jan;12(1):43-56. doi: 10.1038/nrn2961. Review.","Nat Rev Neurosci.  2011","PubMed","citation","PMID:21170073","pubmed","21170073","create date:2010/12/21 | first author:Deco G",
"Optimal information transfer in the cortex through synchronization.","/pubmed/20862355","Buehlmann A, Deco G.","PLoS Comput Biol. 2010 Sep 16;6(9). pii: e1000934. doi: 10.1371/journal.pcbi.1000934.","PLoS Comput Biol.  2010","PubMed","citation","PMID:20862355 | PMCID:PMC2940722","pubmed","20862355","create date:2010/09/24 | first author:Buehlmann A",
"A computational neuroscience approach to schizophrenia and its onset.","/pubmed/20851143","Rolls ET, Deco G.","Neurosci Biobehav Rev. 2011 Aug;35(8):1644-53. doi: 10.1016/j.neubiorev.2010.09.001. Epub 2010 Sep 17. Review.","Neurosci Biobehav Rev.  2011","PubMed","citation","PMID:20851143","pubmed","20851143","create date:2010/09/21 | first author:Rolls ET",
"Decision-making, errors, and confidence in the brain.","/pubmed/20810685","Rolls ET, Grabenhorst F, Deco G.","J Neurophysiol. 2010 Nov;104(5):2359-74. doi: 10.1152/jn.00571.2010. Epub 2010 Sep 1.","J Neurophysiol.  2010","PubMed","citation","PMID:20810685","pubmed","20810685","create date:2010/09/03 | first author:Rolls ET",
"Choice, difficulty, and confidence in the brain.","/pubmed/20615471","Rolls ET, Grabenhorst F, Deco G.","Neuroimage. 2010 Nov 1;53(2):694-706. doi: 10.1016/j.neuroimage.2010.06.073. Epub 2010 Jul 6.","Neuroimage.  2010","PubMed","citation","PMID:20615471","pubmed","20615471","create date:2010/07/10 | first author:Rolls ET",
"Computational models of the brain: from structure to function.","/pubmed/20561995","Breakspear M, Jirsa V, Deco G.","Neuroimage. 2010 Sep;52(3):727-30. doi: 10.1016/j.neuroimage.2010.05.061. Epub 2010 May 26. No abstract available. ","Neuroimage.  2010","PubMed","citation","PMID:20561995","pubmed","20561995","create date:2010/06/22 | first author:Breakspear M",
"Confidence-related decision making.","/pubmed/20393062","Insabato A, Pannunzi M, Rolls ET, Deco G.","J Neurophysiol. 2010 Jul;104(1):539-47. doi: 10.1152/jn.01068.2009. Epub 2010 Apr 14.","J Neurophysiol.  2010","PubMed","citation","PMID:20393062","pubmed","20393062","create date:2010/04/16 | first author:Insabato A",
"Synaptic dynamics and decision making.","/pubmed/20360555","Deco G, Rolls ET, Romo R.","Proc Natl Acad Sci U S A. 2010 Apr 20;107(16):7545-9. doi: 10.1073/pnas.1002333107. Epub 2010 Apr 1.","Proc Natl Acad Sci U S A.  2010","PubMed","citation","PMID:20360555 | PMCID:PMC2867686","pubmed","20360555","create date:2010/04/03 | first author:Deco G",
"The role of multi-area interactions for the computation of apparent motion.","/pubmed/20303411","Deco G, Roland P.","Neuroimage. 2010 Jul 1;51(3):1018-26. doi: 10.1016/j.neuroimage.2010.03.032. Epub 2010 Mar 18.","Neuroimage.  2010","PubMed","citation","PMID:20303411","pubmed","20303411","create date:2010/03/23 | first author:Deco G",
"Simulating posterior parietal damage in a biologically plausible framework: neuropsychological tests of the search over time and space model.","/pubmed/20013434","Mavritsaki E, Heinke D, Deco G, Humphreys GW.","Cogn Neuropsychol. 2009 Jun;26(4):343-90. doi: 10.1080/02643290903424329.","Cogn Neuropsychol.  2009","PubMed","citation","PMID:20013434","pubmed","20013434","create date:2009/12/17 | first author:Mavritsaki E",
"Effective reduced diffusion-models: a data driven approach to the analysis of neuronal dynamics.","/pubmed/19997490","Deco G, Martí D, Ledberg A, Reig R, Sanchez Vives MV.","PLoS Comput Biol. 2009 Dec;5(12):e1000587. doi: 10.1371/journal.pcbi.1000587. Epub 2009 Dec 4.","PLoS Comput Biol.  2009","PubMed","citation","PMID:19997490 | PMCID:PMC2778141","pubmed","19997490","create date:2009/12/10 | first author:Deco G",
"Oscillations, phase-of-firing coding, and spike timing-dependent plasticity: an efficient learning scheme.","/pubmed/19864561","Masquelier T, Hugues E, Deco G, Thorpe SJ.","J Neurosci. 2009 Oct 28;29(43):13484-93. doi: 10.1523/JNEUROSCI.2207-09.2009.","J Neurosci.  2009","PubMed","citation","PMID:19864561 | PMCID:PMC6665016","pubmed","19864561","create date:2009/10/30 | first author:Masquelier T",
"Attention: oscillations and neuropharmacology.","/pubmed/19614749","Deco G, Thiele A.","Eur J Neurosci. 2009 Aug;30(3):347-54. doi: 10.1111/j.1460-9568.2009.06833.x. Epub 2009 Jul 15. Review.","Eur J Neurosci.  2009","PubMed","citation","PMID:19614749 | PMCID:PMC2777251","pubmed","19614749","create date:2009/07/21 | first author:Deco G",
"The encoding of alternatives in multiple-choice decision making.","/pubmed/19497888","Albantakis L, Deco G.","Proc Natl Acad Sci U S A. 2009 Jun 23;106(25):10308-13. doi: 10.1073/pnas.0901621106. Epub 2009 Jun 4.","Proc Natl Acad Sci U S A.  2009","PubMed","citation","PMID:19497888 | PMCID:PMC2691385","pubmed","19497888","create date:2009/06/06 | first author:Albantakis L",
"Key role of coupling, delay, and noise in resting brain fluctuations.","/pubmed/19497858","Deco G, Jirsa V, McIntosh AR, Sporns O, Kötter R.","Proc Natl Acad Sci U S A. 2009 Jun 23;106(25):10302-7. doi: 10.1073/pnas.0901831106. Epub 2009 Jun 3. Erratum in: Proc Natl Acad Sci U S A. 2009 Jul 21;106(29):12207-8. ","Proc Natl Acad Sci U S A.  2009","PubMed","citation","PMID:19497858 | PMCID:PMC2690605","pubmed","19497858","create date:2009/06/06 | first author:Deco G",
"Stochastic dynamics as a principle of brain function.","/pubmed/19428958","Deco G, Rolls ET, Romo R.","Prog Neurobiol. 2009 May;88(1):1-16. doi: 10.1016/j.pneurobio.2009.01.006. Epub 2009 Jan 30.","Prog Neurobiol.  2009","PubMed","citation","PMID:19428958","pubmed","19428958","create date:2009/05/12 | first author:Deco G",
"Audiovisual matching in speech and nonspeech sounds: a neurodynamical model.","/pubmed/19302007","Loh M, Schmid G, Deco G, Ziegler W.","J Cogn Neurosci. 2010 Feb;22(2):240-7. doi: 10.1162/jocn.2009.21202.","J Cogn Neurosci.  2010","PubMed","citation","PMID:19302007","pubmed","19302007","create date:2009/03/24 | first author:Loh M",
"The neurodynamics underlying attentional control in set shifting tasks.","/pubmed/19003517","Stemme A, Deco G, Busch A.","Cogn Neurodyn. 2007 Sep;1(3):249-59. doi: 10.1007/s11571-007-9019-8. Epub 2007 Jun 5.","Cogn Neurodyn.  2007","PubMed","citation","PMID:19003517 | PMCID:PMC2267676","pubmed","19003517","create date:2008/11/13 | first author:Stemme A",
"Multisensory contributions to the perception of vibrotactile events.","/pubmed/18930769","Soto-Faraco S, Deco G.","Behav Brain Res. 2009 Jan 23;196(2):145-54. doi: 10.1016/j.bbr.2008.09.018. Epub 2008 Sep 30. Review.","Behav Brain Res.  2009","PubMed","citation","PMID:18930769","pubmed","18930769","create date:2008/10/22 | first author:Soto-Faraco S",
"Lexical plasticity in early bilinguals does not alter phoneme categories: II. Experimental evidence.","/pubmed/18855552","Sebastián-Gallés N, Vera-Constán F, Larsson JP, Costa A, Deco G.","J Cogn Neurosci. 2009 Dec;21(12):2343-57. doi: 10.1162/jocn.2008.21152.","J Cogn Neurosci.  2009","PubMed","citation","PMID:18855552","pubmed","18855552","create date:2008/10/16 | first author:Sebastián-Gallés N",
"The role of fluctuations in perception.","/pubmed/18823666","Deco G, Romo R.","Trends Neurosci. 2008 Nov;31(11):591-8. doi: 10.1016/j.tins.2008.08.007. Epub 2008 Sep 25. Review.","Trends Neurosci.  2008","PubMed","citation","PMID:18823666","pubmed","18823666","create date:2008/10/01 | first author:Deco G",
"The dynamic brain: from spiking neurons to neural masses and cortical fields.","/pubmed/18769680","Deco G, Jirsa VK, Robinson PA, Breakspear M, Friston K.","PLoS Comput Biol. 2008 Aug 29;4(8):e1000092. doi: 10.1371/journal.pcbi.1000092. Review.","PLoS Comput Biol.  2008","PubMed","citation","PMID:18769680 | PMCID:PMC2519166","pubmed","18769680","create date:2008/09/05 | first author:Deco G",
"Computational models of schizophrenia and dopamine modulation in the prefrontal cortex.","/pubmed/18714326","Rolls ET, Loh M, Deco G, Winterer G.","Nat Rev Neurosci. 2008 Sep;9(9):696-709. doi: 10.1038/nrn2462. Review.","Nat Rev Neurosci.  2008","PubMed","citation","PMID:18714326","pubmed","18714326","create date:2008/08/21 | first author:Rolls ET",
"An attractor hypothesis of obsessive-compulsive disorder.","/pubmed/18671737","Rolls ET, Loh M, Deco G.","Eur J Neurosci. 2008 Aug;28(4):782-93. doi: 10.1111/j.1460-9568.2008.06379.x. Epub 2008 Jul 30.","Eur J Neurosci.  2008","PubMed","citation","PMID:18671737","pubmed","18671737","create date:2008/08/02 | first author:Rolls ET",
"The neuronal basis of attention: rate versus synchronization modulation.","/pubmed/18650344","Buehlmann A, Deco G.","J Neurosci. 2008 Jul 23;28(30):7679-86. doi: 10.1523/JNEUROSCI.5640-07.2008.","J Neurosci.  2008","PubMed","citation","PMID:18650344 | PMCID:PMC6670852","pubmed","18650344","create date:2008/07/25 | first author:Buehlmann A",
"A fluctuation-driven mechanism for slow decision processes in reverberant networks.","/pubmed/18596965","Martí D, Deco G, Mattia M, Gigante G, Del Giudice P.","PLoS One. 2008 Jul 2;3(7):e2534. doi: 10.1371/journal.pone.0002534.","PLoS One.  2008","PubMed","citation","PMID:18596965 | PMCID:PMC2432027","pubmed","18596965","create date:2008/07/04 | first author:Martí D",
"The Brain Connectivity Workshops: moving the frontiers of computational systems neuroscience.","/pubmed/18511300","Stephan KE, Riera JJ, Deco G, Horwitz B.","Neuroimage. 2008 Aug 1;42(1):1-9. doi: 10.1016/j.neuroimage.2008.04.167. Epub 2008 Apr 20.","Neuroimage.  2008","PubMed","citation","PMID:18511300 | PMCID:PMC2574909","pubmed","18511300","create date:2008/05/31 | first author:Stephan KE",
"Computational significance of transient dynamics in cortical networks.","/pubmed/18093174","Durstewitz D, Deco G.","Eur J Neurosci. 2008 Jan;27(1):217-27. Epub 2007 Dec 17. Review. Erratum in: Eur J Neurosci. 2008 Feb;27(3):790. ","Eur J Neurosci.  2008","PubMed","citation","PMID:18093174","pubmed","18093174","create date:2007/12/21 | first author:Durstewitz D",
"Perceptual detection as a dynamical bistability phenomenon: a neurocomputational correlate of sensation.","/pubmed/18077434","Deco G, Pérez-Sanagustín M, de Lafuente V, Romo R.","Proc Natl Acad Sci U S A. 2007 Dec 11;104(50):20073-7. Epub 2007 Dec 5.","Proc Natl Acad Sci U S A.  2007","PubMed","citation","PMID:18077434 | PMCID:PMC2148424","pubmed","18077434","create date:2007/12/14 | first author:Deco G",
"Neurodynamics of the prefrontal cortex during conditional visuomotor associations.","/pubmed/18004947","Loh M, Pasupathy A, Miller EK, Deco G.","J Cogn Neurosci. 2008 Mar;20(3):421-31.","J Cogn Neurosci.  2008","PubMed","citation","PMID:18004947","pubmed","18004947","create date:2007/11/17 | first author:Loh M",
"A dynamical systems hypothesis of schizophrenia.","/pubmed/17997599","Loh M, Rolls ET, Deco G.","PLoS Comput Biol. 2007 Nov;3(11):e228.","PLoS Comput Biol.  2007","PubMed","citation","PMID:17997599 | PMCID:PMC2065887","pubmed","17997599","create date:2007/11/14 | first author:Loh M",
"Weber's law in decision making: integrating behavioral data in humans with a neurophysiological model.","/pubmed/17942714","Deco G, Scarano L, Soto-Faraco S.","J Neurosci. 2007 Oct 17;27(42):11192-200.","J Neurosci.  2007","PubMed","citation","PMID:17942714 | PMCID:PMC6673035","pubmed","17942714","create date:2007/10/19 | first author:Deco G",
"Lexical plasticity in early bilinguals does not alter phoneme categories: I. Neurodynamical modeling.","/pubmed/17919078","Larsson JP, Constán FV, Sebastián-Gallés N, Deco G.","J Cogn Neurosci. 2008 Jan;20(1):76-94.","J Cogn Neurosci.  2008","PubMed","citation","PMID:17919078","pubmed","17919078","create date:2007/10/09 | first author:Larsson JP",
"Interactions between higher and lower visual areas improve shape selectivity of higher level neurons-explaining crowding phenomena.","/pubmed/17540349","Jehee JF, Roelfsema PR, Deco G, Murre JM, Lamme VA.","Brain Res. 2007 Jul 9;1157:167-76. Epub 2007 Apr 12.","Brain Res.  2007","PubMed","citation","PMID:17540349","pubmed","17540349","create date:2007/06/02 | first author:Jehee JF",
"The neuronal dynamics underlying cognitive flexibility in set shifting tasks.","/pubmed/17510782","Stemme A, Deco G, Busch A.","J Comput Neurosci. 2007 Dec;23(3):313-31. Epub 2007 May 18.","J Comput Neurosci.  2007","PubMed","citation","PMID:17510782","pubmed","17510782","create date:2007/05/19 | first author:Stemme A",
"Extended method of moments for deterministic analysis of stochastic multistable neurodynamical systems.","/pubmed/17500732","Deco G, Martí D.","Phys Rev E Stat Nonlin Soft Matter Phys. 2007 Mar;75(3 Pt 1):031913. Epub 2007 Mar 28.","Phys Rev E Stat Nonlin Soft Matter Phys.  2007","PubMed","citation","PMID:17500732","pubmed","17500732","create date:2007/05/16 | first author:Deco G",
"Attention and spatial resolution: a theoretical and experimental study of visual search in hierarchical patterns.","/pubmed/17455750","Deco G, Heinke D.","Perception. 2007;36(3):335-54.","Perception.  2007","PubMed","citation","PMID:17455750","pubmed","17455750","create date:2007/04/26 | first author:Deco G",
"Deterministic analysis of stochastic bifurcations in multi-stable neurodynamical systems.","/pubmed/17387505","Deco G, Martí D.","Biol Cybern. 2007 May;96(5):487-96. Epub 2007 Mar 27.","Biol Cybern.  2007","PubMed","citation","PMID:17387505","pubmed","17387505","create date:2007/03/28 | first author:Deco G",
"A computational model of visual marking using an inter-connected network of spiking neurons: the spiking search over time & space model (sSoTS).","/pubmed/17071061","Mavritsaki E, Heinke D, Humphreys GW, Deco G.","J Physiol Paris. 2006 Jul-Sep;100(1-3):110-24. Epub 2006 Oct 30.","J Physiol Paris.  2006","PubMed","citation","PMID:17071061","pubmed","17071061","create date:2006/10/31 | first author:Mavritsaki E",
"Attention in natural scenes: Neurophysiological and computational bases.","/pubmed/17011749","Rolls ET, Deco G.","Neural Netw. 2006 Nov;19(9):1383-94. Epub 2006 Oct 2.","Neural Netw.  2006","PubMed","citation","PMID:17011749","pubmed","17011749","create date:2006/10/03 | first author:Rolls ET",
"Decision-making and Weber's law: a neurophysiological model.","/pubmed/16930418","Deco G, Rolls ET.","Eur J Neurosci. 2006 Aug;24(3):901-16.","Eur J Neurosci.  2006","PubMed","citation","PMID:16930418","pubmed","16930418","create date:2006/08/26 | first author:Deco G",
"Learning to attend: modeling the shaping of selectivity in infero-temporal cortex in a categorization task.","/pubmed/16555071","Szabo M, Deco G, Fusi S, Del Giudice P, Mattia M, Stetter M.","Biol Cybern. 2006 May;94(5):351-65. Epub 2006 Mar 23.","Biol Cybern.  2006","PubMed","citation","PMID:16555071","pubmed","16555071","create date:2006/03/24 | first author:Szabo M",
"Cognitive flexibility and decision-making in a model of conditional visuomotor associations.","/pubmed/16324127","Loh M, Deco G.","Eur J Neurosci. 2005 Dec;22(11):2927-36.","Eur J Neurosci.  2005","PubMed","citation","PMID:16324127","pubmed","16324127","create date:2005/12/06 | first author:Loh M",
"Attention, short-term memory, and action selection: a unifying theory.","/pubmed/16257103","Deco G, Rolls ET.","Prog Neurobiol. 2005 Jul;76(4):236-56. Epub 2005 Oct 27. Review.","Prog Neurobiol.  2005","PubMed","citation","PMID:16257103","pubmed","16257103","create date:2005/11/01 | first author:Deco G",
"Neural dynamics of cross-modal and cross-temporal associations.","/pubmed/16160822","Deco G, Ledberg A, Almeida R, Fuster J.","Exp Brain Res. 2005 Oct;166(3-4):325-36. Epub 2005 Sep 14.","Exp Brain Res.  2005","PubMed","citation","PMID:16160822","pubmed","16160822","create date:2005/09/15 | first author:Deco G",
"Neurons and the synaptic basis of the fMRI signal associated with cognitive flexibility.","/pubmed/15907303","Stemme A, Deco G, Busch A, Schneider WX.","Neuroimage. 2005 Jun;26(2):454-70. Epub 2005 Mar 31.","Neuroimage.  2005","PubMed","citation","PMID:15907303","pubmed","15907303","create date:2005/05/24 | first author:Stemme A",
"Sequential memory: a putative neural and synaptic dynamical mechanism.","/pubmed/15811241","Deco G, Rolls ET.","J Cogn Neurosci. 2005 Feb;17(2):294-307.","J Cogn Neurosci.  2005","PubMed","citation","PMID:15811241","pubmed","15811241","create date:2005/04/07 | first author:Deco G",
"Neurodynamics of biased competition and cooperation for attention: a model with spiking neurons.","/pubmed/15703227","Deco G, Rolls ET.","J Neurophysiol. 2005 Jul;94(1):295-313. Epub 2005 Feb 9.","J Neurophysiol.  2005","PubMed","citation","PMID:15703227","pubmed","15703227","create date:2005/02/11 | first author:Deco G",
"A biased competition based neurodynamical model of visual neglect.","/pubmed/15564110","Deco G, Zihl J.","Med Eng Phys. 2004 Nov;26(9):733-43. Review.","Med Eng Phys.  2004","PubMed","citation","PMID:15564110","pubmed","15564110","create date:2004/11/27 | first author:Deco G",
"Modular biased-competition and cooperation: a candidate mechanism for selective working memory.","/pubmed/15548222","Almeida R, Deco G, Stetter M.","Eur J Neurosci. 2004 Nov;20(10):2789-803.","Eur J Neurosci.  2004","PubMed","citation","PMID:15548222","pubmed","15548222","create date:2004/11/19 | first author:Almeida R",
"The role of early visual cortex in visual integration: a neural model of recurrent interaction.","/pubmed/15305878","Deco G, Lee TS.","Eur J Neurosci. 2004 Aug;20(4):1089-100.","Eur J Neurosci.  2004","PubMed","citation","PMID:15305878","pubmed","15305878","create date:2004/08/13 | first author:Deco G",
"Synaptic and spiking dynamics underlying reward reversal in the orbitofrontal cortex.","/pubmed/15238449","Deco G, Rolls ET.","Cereb Cortex. 2005 Jan;15(1):15-30. Epub 2004 Jul 6.","Cereb Cortex.  2005","PubMed","citation","PMID:15238449","pubmed","15238449","create date:2004/07/09 | first author:Deco G",
"What"" and ""where"" in visual working memory: a computational neurodynamical perspective for integrating FMRI and single-neuron data.","/pubmed/15165356","Deco G, Rolls ET, Horwitz B.","J Cogn Neurosci. 2004 May;16(4):683-701.","J Cogn Neurosci.  2004","PubMed","citation","PMID:15165356","pubmed","15165356","create date:2004/05/29 | first author:Deco G",
"Cooperation and biased competition model can explain attentional filtering in the prefrontal cortex.","/pubmed/15078571","Szabo M, Almeida R, Deco G, Stetter M.","Eur J Neurosci. 2004 Apr;19(7):1969-77.","Eur J Neurosci.  2004","PubMed","citation","PMID:15078571","pubmed","15078571","create date:2004/04/14 | first author:Szabo M",
"Feature-based attention in human visual cortex: simulation of fMRI data.","/pubmed/14741640","Corchs S, Deco G.","Neuroimage. 2004 Jan;21(1):36-45.","Neuroimage.  2004","PubMed","citation","PMID:14741640","pubmed","14741640","create date:2004/01/27 | first author:Corchs S",
"A neurodynamical cortical model of visual attention and invariant object recognition.","/pubmed/14693189","Deco G, Rolls ET.","Vision Res. 2004 Mar;44(6):621-42.","Vision Res.  2004","PubMed","citation","PMID:14693189","pubmed","14693189","create date:2003/12/25 | first author:Deco G",
"Attention and working memory: a dynamical model of neuronal activity in the prefrontal cortex.","/pubmed/14622200","Deco G, Rolls ET.","Eur J Neurosci. 2003 Oct;18(8):2374-90.","Eur J Neurosci.  2003","PubMed","citation","PMID:14622200","pubmed","14622200","create date:2003/11/19 | first author:Deco G",
"Object-based visual neglect: a computational hypothesis.","/pubmed/12453063","Deco G, Rolls ET.","Eur J Neurosci. 2002 Nov;16(10):1994-2000.","Eur J Neurosci.  2002","PubMed","citation","PMID:12453063","pubmed","12453063","create date:2002/11/28 | first author:Deco G",
"The time course of selective visual attention: theory and experiments.","/pubmed/12450503","Deco G, Pollatos O, Zihl J.","Vision Res. 2002 Dec;42(27):2925-45.","Vision Res.  2002","PubMed","citation","PMID:12450503","pubmed","12450503","create date:2002/11/27 | first author:Deco G",
"Large-scale neural model for visual attention: integration of experimental single-cell and fMRI data.","/pubmed/11884349","Corchs S, Deco G.","Cereb Cortex. 2002 Apr;12(4):339-48.","Cereb Cortex.  2002","PubMed","citation","PMID:11884349","pubmed","11884349","create date:2002/03/09 | first author:Corchs S",
